"Time","Temp","ECG Qual","Belt Qual","EDR Qual","Imp Qual","PWI Conf","ECG HR","EDR BR","Belt BR","Imp BR","HR consist","BR consist","Core Serial","CoreTemp","Vbat","Body Pos","Motion","SpO2","Nonin HR","HFS 1","HFS 2","HFS Therm"
"12:59:28",32.7,100,85,100,-1,81,83.1,26.9,17,-1,97,76,1778,37.43,470," UPRIGHT"," STATIONARY",0,0,-1001,-1001,0
"12:59:33",32.7,100,85,100,-1,81,88,26.9,17,-1,97,76,1778,37.43,470," UPRIGHT"," STATIONARY",0,0,-1001,-1001,0
"12:59:38",32.7,100,85,100,-1,81,83.1,26.9,17,-1,97,76,1778,37.43,470," UPRIGHT"," STATIONARY",0,0,-1001,-1001,0
"12:59:43",32.5,100,77,100,-1,76,88.5,23.8,20.3,-1,97,69,1778,37.43,469," UPRIGHT"," STATIONARY",0,0,-1001,-1001,0
"12:59:48",32.5,100,77,100,-1,76,86,23.8,20.3,-1,97,69,1778,37.43,469," UPRIGHT"," STATIONARY",0,0,-1001,-1001,0
"12:59:53",32.5,100,77,100,-1,76,87.5,23.8,20.3,-1,97,69,1778,37.43,469," UPRIGHT"," STATIONARY",0,0,-1001,-1001,0
"12:59:58",32.5,100,74,100,-1,73,89.2,24.8,17.8,-1,97,66,1778,37.43,469," UPRIGHT"," STATIONARY",0,0,-1001,-1001,0
"13:00:03",32.5,100,74,100,-1,73,86.7,24.8,17.8,-1,97,66,1778,37.43,469," UPRIGHT"," MOVING SLOWLY",0,0,-1001,-1001,0
"13:00:08",32.5,100,74,100,-1,73,90.2,24.8,17.8,-1,97,66,1778,37.43,469," UPRIGHT"," STATIONARY",0,0,-1001,-1001,0
"13:00:13",32.4,100,53,100,-1,65,82.1,25.6,24.9,-1,96,47,1778,37.45,469," UPRIGHT"," STATIONARY",0,0,-1001,-1001,0
"13:00:18",32.4,100,53,100,-1,65,89.4,25.6,24.9,-1,96,47,1778,37.45,469," UPRIGHT"," STATIONARY",0,0,-1001,-1001,0
"13:00:23",32.4,100,53,100,-1,65,78.9,25.6,24.9,-1,96,47,1778,37.45,469," UPRIGHT"," STATIONARY",0,0,-1001,-1001,0
"13:00:28",32.4,100,80,100,-1,77,77.1,25.8,25.9,-1,95,72,1778,37.45,469," UPRIGHT"," STATIONARY",0,0,-1001,-1001,0
"13:00:33",32.4,100,80,100,-1,77,84.7,25.8,25.9,-1,95,72,1778,37.45,469," UNKNOWN"," STATIONARY",0,0,-1001,-1001,0
"13:00:38",32.4,100,80,100,-1,77,86.2,25.8,25.9,-1,95,72,1778,37.45,469," UPRIGHT"," STATIONARY",0,0,-1001,-1001,0
"13:00:43",32.2,100,88,100,-1,83,84.3,27.7,26,-1,95,79,1778,37.45,469," UPRIGHT"," STATIONARY",0,0,-1001,-1001,0
"13:00:48",32.2,100,88,100,-1,83,87.9,27.7,26,-1,95,79,1778,37.45,469," UPRIGHT"," STATIONARY",0,0,-1001,-1001,0
"13:00:53",32.2,100,88,100,-1,83,92.7,27.7,26,-1,95,79,1778,37.45,469," UPRIGHT"," STATIONARY",0,0,-1001,-1001,0
"13:00:58",32.2,100,85,100,-1,80,83.5,28,26.2,-1,95,76,1778,37.45,469," UPRIGHT"," STATIONARY",0,0,-1001,-1001,0
"13:01:03",32.2,100,85,100,-1,80,79.2,28,26.2,-1,95,76,1778,37.45,469," UPRIGHT"," STATIONARY",0,0,-1001,-1001,0
"13:01:08",32.2,100,85,100,-1,80,78.2,28,26.2,-1,95,76,1778,37.45,469," UPRIGHT"," STATIONARY",0,0,-1001,-1001,0
"13:01:13",32.2,100,89,100,-1,83,79.3,27.4,24.2,-1,95,80,1778,37.45,468," UPRIGHT"," STATIONARY",0,0,-1001,-1001,0
"13:01:18",32.2,100,89,100,-1,83,83.1,27.4,24.2,-1,95,80,1778,37.45,468," UPRIGHT"," STATIONARY",0,0,-1001,-1001,0
"13:01:23",32.2,100,89,100,-1,83,85.4,27.4,24.2,-1,95,80,1778,37.45,468," UPRIGHT"," STATIONARY",0,0,-1001,-1001,0
"13:01:28",32.1,100,79,100,-1,77,93,26.3,27.8,-1,98,71,1778,37.46,469," UPRIGHT"," STATIONARY",0,0,-1001,-1001,0
"13:01:33",32.1,100,79,100,-1,77,86.7,26.3,27.8,-1,98,71,1778,37.46,469," UPRIGHT"," STATIONARY",0,0,-1001,-1001,0
"13:01:38",32.1,100,79,100,-1,77,49.3,26.3,27.8,-1,98,71,1778,37.46,469," UPRIGHT"," STATIONARY",0,0,-1001,-1001,0
"13:01:43",32.1,88,85,100,-1,79,62.1,23.2,25.1,-1,88,76,1778,37.46,469," UPRIGHT"," STATIONARY",0,0,-1001,-1001,0
"13:01:48",32.1,88,85,100,-1,79,78.2,23.2,25.1,-1,88,76,1778,37.46,469," UPRIGHT"," STATIONARY",0,0,-1001,-1001,0
"13:01:53",32.1,88,85,100,-1,79,87.6,23.2,25.1,-1,88,76,1778,37.46,469," UPRIGHT"," STATIONARY",0,0,-1001,-1001,0
"13:01:58",32,100,79,100,-1,76,90.5,23.2,24,-1,92,71,1778,37.46,469," UPRIGHT"," STATIONARY",0,0,-1001,-1001,0
"13:02:03",32,100,79,100,-1,76,87.5,23.2,24,-1,92,71,1778,37.46,469," UPRIGHT"," STATIONARY",0,0,-1001,-1001,0
"13:02:08",32,100,79,100,-1,76,55.9,23.2,24,-1,92,71,1778,37.46,469," UPRIGHT"," STATIONARY",0,0,-1001,-1001,0
"13:02:13",32,100,80,100,-1,77,94.7,23.3,21.5,-1,92,72,1778,37.46,468," UPRIGHT"," STATIONARY",0,0,-1001,-1001,0
"13:02:18",32,100,80,100,-1,77,94.2,23.3,21.5,-1,92,72,1778,37.46,468," UPRIGHT"," STATIONARY",0,0,-1001,-1001,0
"13:02:23",32,100,80,100,-1,77,81.9,23.3,21.5,-1,92,72,1778,37.46,468," UPRIGHT"," STATIONARY",0,0,-1001,-1001,0
"13:02:28",31.9,90,73,100,-1,70,61.3,23,19,-1,87,65,1778,37.46,469," UPRIGHT"," STATIONARY",0,0,-1001,-1001,0
"13:02:33",31.9,90,73,100,-1,70,14.6,23,19,-1,87,65,1778,37.46,469," UPRIGHT"," STATIONARY",0,0,-1001,-1001,0
"13:02:38",31.9,90,73,100,-1,70,94.4,23,19,-1,87,65,1778,37.46,469," UPRIGHT"," STATIONARY",0,0,-1001,-1001,0
"13:02:43",31.9,100,42,100,-1,63,94.6,21.1,23.4,-1,89,37,1778,37.46,468," UPRIGHT"," STATIONARY",0,0,-1001,-1001,0
"13:02:48",31.9,100,42,100,-1,63,91.2,21.1,23.4,-1,89,37,1778,37.46,468," UPRIGHT"," STATIONARY",0,0,-1001,-1001,0
"13:02:53",31.9,100,42,100,-1,63,88.1,21.1,23.4,-1,89,37,1778,37.46,468," UNKNOWN"," STATIONARY",0,0,-1001,-1001,0
"13:02:58",31.8,95,59,100,-1,61,66.8,21.7,23.8,-1,87,53,1778,37.47,469," UPRIGHT"," STATIONARY",0,0,-1001,-1001,0
"13:03:03",31.8,95,59,100,-1,61,91.7,21.7,23.8,-1,87,53,1778,37.47,469," UPRIGHT"," STATIONARY",0,0,-1001,-1001,0
"13:03:08",31.8,95,59,100,-1,61,93.7,21.7,23.8,-1,87,53,1778,37.47,469," UPRIGHT"," STATIONARY",0,0,-1001,-1001,0
"13:03:13",31.8,100,53,100,-1,58,83.4,24,27,-1,94,47,1778,37.46,468," UPRIGHT"," STATIONARY",0,0,-1001,-1001,0
"13:03:18",31.8,100,53,100,-1,58,93.6,24,27,-1,94,47,1778,37.46,468," UPRIGHT"," STATIONARY",0,0,-1001,-1001,0
"13:03:23",31.6,100,72,100,-1,72,91.5,28,29.7,-1,97,64,1778,37.46,468," UPRIGHT"," STATIONARY",0,0,-1001,-1001,0
"13:03:28",31.6,100,72,100,-1,72,91.1,28,29.7,-1,97,64,1778,37.46,468," UPRIGHT"," STATIONARY",0,0,-1001,-1001,0
"13:03:33",31.6,100,72,100,-1,72,85.6,28,29.7,-1,97,64,1778,37.46,468," UPRIGHT"," MOVING SLOWLY",0,0,-1001,-1001,0
"13:03:38",31.6,100,72,100,-1,72,98,28,29.7,-1,97,64,1778,37.46,468," UPRIGHT"," STATIONARY",0,0,-1001,-1001,0
"13:03:43",31.6,100,90,100,-1,85,99.1,29.5,28.8,-1,97,81,1778,37.47,468," UPRIGHT"," STATIONARY",0,0,-1001,-1001,0
"13:03:48",31.6,100,90,100,-1,85,82.7,29.5,28.8,-1,97,81,1778,37.47,468," UPRIGHT"," STATIONARY",0,0,-1001,-1001,0
"13:03:53",31.6,100,90,100,-1,85,104.5,29.5,28.8,-1,97,81,1778,37.47,468," UPRIGHT"," STATIONARY",0,0,-1001,-1001,0
"13:03:58",31.6,100,86,100,-1,81,96.2,32.6,32.5,-1,94,77,1778,37.47,467," UPRIGHT"," STATIONARY",0,0,-1001,-1001,0
"13:04:03",31.6,100,86,100,-1,81,98.4,32.6,32.5,-1,94,77,1778,37.47,467," UPRIGHT"," STATIONARY",0,0,-1001,-1001,0
"13:04:08",31.6,100,86,100,-1,81,103.2,32.6,32.5,-1,94,77,1778,37.47,467," UPRIGHT"," STATIONARY",0,0,-1001,-1001,0
"13:04:13",31.6,100,94,100,-1,86,110.4,32.3,34.2,-1,94,84,1778,37.47,467," UPRIGHT"," STATIONARY",0,0,-1001,-1001,0
"13:04:18",31.6,100,94,100,-1,86,105.6,32.3,34.2,-1,94,84,1778,37.47,467," UPRIGHT"," STATIONARY",0,0,-1001,-1001,0
"13:04:23",31.6,100,94,100,-1,86,71.9,32.3,34.2,-1,94,84,1778,37.47,467," UPRIGHT"," STATIONARY",0,0,-1001,-1001,0
"13:04:28",31.6,100,94,100,-1,85,93.5,31,34,-1,91,84,1778,37.47,467," UPRIGHT"," STATIONARY",0,0,-1001,-1001,0
"13:04:33",31.6,100,94,100,-1,85,96.7,31,34,-1,91,84,1778,37.47,467," UPRIGHT"," STATIONARY",0,0,-1001,-1001,0
"13:04:38",31.6,100,94,100,-1,85,82.2,31,34,-1,91,84,1778,37.47,467," UPRIGHT"," STATIONARY",0,0,-1001,-1001,0
"13:04:43",31.5,100,86,100,-1,80,98.3,33.4,34.4,-1,91,77,1778,37.47,470," UPRIGHT"," STATIONARY",0,0,-1001,-1001,0
"13:04:48",31.5,100,86,100,-1,80,98.5,33.4,34.4,-1,91,77,1778,37.47,470," UPRIGHT"," STATIONARY",0,0,-1001,-1001,0
"13:04:53",31.5,100,86,100,-1,80,99,33.4,34.4,-1,91,77,1778,37.47,470," UPRIGHT"," STATIONARY",0,0,-1001,-1001,0
"13:04:58",31.4,100,89,100,-1,83,101,32.4,33.3,-1,95,80,1778,37.48,468," UPRIGHT"," STATIONARY",0,0,-1001,-1001,0
"13:05:03",31.4,100,89,100,-1,83,98.1,32.4,33.3,-1,95,80,1778,37.48,468," UPRIGHT"," STATIONARY",0,0,-1001,-1001,0
"13:05:08",31.4,92,88,100,-1,83,103.5,34.2,31,-1,96,79,1778,37.47,468," UPRIGHT"," STATIONARY",0,0,-1001,-1001,0
"13:05:13",31.4,92,88,100,-1,83,104,34.2,31,-1,96,79,1778,37.47,468," UPRIGHT"," STATIONARY",0,0,-1001,-1001,0
"13:05:18",31.4,92,88,100,-1,83,109.6,34.2,31,-1,96,79,1778,37.47,468," UPRIGHT"," STATIONARY",0,0,-1001,-1001,0
"13:05:23",31.4,92,88,100,-1,83,93,34.2,31,-1,96,79,1778,37.47,468," UPRIGHT"," STATIONARY",0,0,-1001,-1001,0
"13:05:28",31.4,100,84,100,-1,79,95.7,33.8,30.5,-1,91,75,1778,37.48,468," UPRIGHT"," STATIONARY",0,0,-1001,-1001,0
"13:05:33",31.4,100,84,100,-1,79,98,33.8,30.5,-1,91,75,1778,37.48,468," UPRIGHT"," STATIONARY",0,0,-1001,-1001,0
"13:05:38",31.4,100,90,100,-1,83,93.1,31.6,28.7,-1,91,81,1778,37.48,468," UPRIGHT"," STATIONARY",0,0,-1001,-1001,0
"13:05:43",31.4,100,90,100,-1,83,98.3,31.6,28.7,-1,91,81,1778,37.48,468," UPRIGHT"," STATIONARY",0,0,-1001,-1001,0
"13:05:48",31.4,100,90,100,-1,83,102.6,31.6,28.7,-1,91,81,1778,37.48,468," UPRIGHT"," STATIONARY",0,0,-1001,-1001,0
"13:05:53",31.4,100,90,100,-1,83,95.9,31.6,28.7,-1,91,81,1778,37.48,468," UPRIGHT"," STATIONARY",0,0,-1001,-1001,0
"13:05:58",31.4,100,93,100,-1,86,92.2,30.1,27.4,-1,97,83,1778,37.48,467," UPRIGHT"," STATIONARY",0,0,-1001,-1001,0
"13:06:03",31.4,100,93,100,-1,86,99.4,30.1,27.4,-1,97,83,1778,37.48,467," UPRIGHT"," MOVING SLOWLY",0,0,-1001,-1001,0
"13:06:08",31.4,100,93,100,-1,86,100.2,30.1,27.4,-1,97,83,1778,37.48,467," UPRIGHT"," MOVING SLOWLY",0,0,-1001,-1001,0
"13:06:13",31.4,100,93,100,-1,86,97.6,27.2,27.4,-1,97,83,1778,37.48,468," UPRIGHT"," STATIONARY",0,0,-1001,-1001,0
"13:06:18",31.4,100,93,100,-1,86,102.9,27.2,27.4,-1,97,83,1778,37.48,468," UPRIGHT"," STATIONARY",0,0,-1001,-1001,0
"13:06:23",31.4,100,93,100,-1,86,78.3,27.2,27.4,-1,97,83,1778,37.48,468," UPRIGHT"," STATIONARY",0,0,-1001,-1001,0
"13:06:28",31.4,100,97,100,-1,88,98.3,27.7,28.6,-1,94,87,1778,37.48,467," UPRIGHT"," STATIONARY",0,0,-1001,-1001,0
"13:06:33",31.4,100,97,100,-1,88,91.4,27.7,28.6,-1,94,87,1778,37.48,467," UPRIGHT"," STATIONARY",0,0,-1001,-1001,0
"13:06:38",31.4,100,97,100,-1,88,86.9,27.7,28.6,-1,94,87,1778,37.48,467," UPRIGHT"," STATIONARY",0,0,-1001,-1001,0
"13:06:43",31.4,100,100,100,-1,91,89,28.1,28.1,-1,95,90,1778,37.48,467," UPRIGHT"," STATIONARY",0,0,-1001,-1001,0
"13:06:48",31.4,100,100,100,-1,91,80.8,28.1,28.1,-1,95,90,1778,37.48,467," UPRIGHT"," STATIONARY",0,0,-1001,-1001,0
"13:06:53",31.4,100,100,100,-1,91,84.4,28.1,28.1,-1,95,90,1778,37.48,467," UPRIGHT"," STATIONARY",0,0,-1001,-1001,0
"13:06:58",31.3,95,100,100,-1,91,91,28.7,27.8,-1,95,90,1778,37.48,466," UPRIGHT"," STATIONARY",0,0,-1001,-1001,0
"13:07:03",31.3,95,100,100,-1,91,86.7,28.7,27.8,-1,95,90,1778,37.48,466," UPRIGHT"," STATIONARY",0,0,-1001,-1001,0
"13:07:08",31.3,95,100,100,-1,91,89.1,28.7,27.8,-1,95,90,1778,37.48,466," UPRIGHT"," STATIONARY",0,0,-1001,-1001,0
"13:07:13",31.4,100,100,100,-1,91,90.2,28.3,26.9,-1,96,90,1778,37.48,467," UPRIGHT"," STATIONARY",0,0,-1001,-1001,0
"13:07:18",31.4,100,100,100,-1,91,91.3,28.3,26.9,-1,96,90,1778,37.48,467," UPRIGHT"," STATIONARY",0,0,-1001,-1001,0
"13:07:23",31.4,100,100,100,-1,91,92.8,28.3,26.9,-1,96,90,1778,37.48,467," UPRIGHT"," STATIONARY",0,0,-1001,-1001,0
"13:07:28",31.4,100,100,100,-1,92,86.1,27.2,25.9,-1,98,90,1778,37.48,466," UPRIGHT"," STATIONARY",0,0,-1001,-1001,0
"13:07:33",31.4,100,100,100,-1,92,85,27.2,25.9,-1,98,90,1778,37.48,466," UPRIGHT"," STATIONARY",0,0,-1001,-1001,0
"13:07:38",31.4,100,100,100,-1,92,86.4,27.2,25.9,-1,98,90,1778,37.48,466," UPRIGHT"," STATIONARY",0,0,-1001,-1001,0
"13:07:43",31.4,100,100,100,-1,92,85.7,26.1,25.9,-1,98,90,1778,37.47,466," UPRIGHT"," STATIONARY",0,0,-1001,-1001,0
"13:07:48",31.4,100,100,100,-1,92,83.9,26.1,25.9,-1,98,90,1778,37.47,466," UPRIGHT"," STATIONARY",0,0,-1001,-1001,0
"13:07:53",31.4,100,100,100,-1,92,90.4,26.1,25.9,-1,98,90,1778,37.47,466," UPRIGHT"," STATIONARY",0,0,-1001,-1001,0
"13:07:58",31.4,100,100,100,-1,92,86.6,26.1,23.7,-1,98,90,1778,37.48,465," UPRIGHT"," STATIONARY",0,0,-1001,-1001,0
"13:08:03",31.4,100,100,100,-1,92,88.3,26.1,23.7,-1,98,90,1778,37.48,465," UPRIGHT"," STATIONARY",0,0,-1001,-1001,0
"13:08:08",31.4,100,100,100,-1,92,92.5,26.1,23.7,-1,98,90,1778,37.48,465," UPRIGHT"," STATIONARY",0,0,-1001,-1001,0
"13:08:13",31.4,100,89,100,-1,84,82.1,26.6,23.3,-1,97,80,1778,37.48,466," UPRIGHT"," STATIONARY",0,0,-1001,-1001,0
"13:08:18",31.4,100,89,100,-1,84,81.4,26.6,23.3,-1,97,80,1778,37.48,466," UPRIGHT"," STATIONARY",0,0,-1001,-1001,0
"13:08:23",31.4,100,87,100,-1,82,81.5,26.7,23.4,-1,97,78,1778,37.47,467," UPRIGHT"," STATIONARY",0,0,-1001,-1001,0
"13:08:28",31.4,100,87,100,-1,82,77.4,26.7,23.4,-1,97,78,1778,37.47,467," UPRIGHT"," STATIONARY",0,0,-1001,-1001,0
"13:08:33",31.4,100,87,100,-1,82,84.5,26.7,23.4,-1,97,78,1778,37.47,467," UPRIGHT"," STATIONARY",0,0,-1001,-1001,0
"13:08:38",31.4,100,87,100,-1,82,72.9,26.7,23.4,-1,97,78,1778,37.47,467," UPRIGHT"," STATIONARY",0,0,-1001,-1001,0
"13:08:43",31.4,100,87,100,-1,82,78.9,25.7,22.5,-1,97,78,1778,37.47,466," UPRIGHT"," STATIONARY",0,0,-1001,-1001,0
"13:08:48",31.4,100,87,100,-1,82,74.4,25.7,22.5,-1,97,78,1778,37.47,466," UPRIGHT"," STATIONARY",0,0,-1001,-1001,0
"13:08:53",31.4,100,87,100,-1,82,77.9,25.7,22.5,-1,97,78,1778,37.47,466," UPRIGHT"," STATIONARY",0,0,-1001,-1001,0
"13:08:58",31.5,100,82,100,-1,79,77.5,25.5,24.4,-1,98,73,1778,37.48,465," UPRIGHT"," STATIONARY",0,0,-1001,-1001,0
"13:09:03",31.5,100,82,100,-1,79,76.1,25.5,24.4,-1,98,73,1778,37.48,465," UPRIGHT"," STATIONARY",0,0,-1001,-1001,0
"13:09:08",31.5,100,82,100,-1,79,76,25.5,24.4,-1,98,73,1778,37.48,465," UPRIGHT"," STATIONARY",0,0,-1001,-1001,0
"13:09:13",31.5,100,96,100,-1,89,81,25.3,25.6,-1,98,86,1778,37.48,467," UPRIGHT"," STATIONARY",0,0,-1001,-1001,0
"13:09:18",31.5,100,96,100,-1,89,89.3,25.3,25.6,-1,98,86,1778,37.48,467," UPRIGHT"," STATIONARY",0,0,-1001,-1001,0
"13:09:23",31.5,100,96,100,-1,89,78.6,25.3,25.6,-1,98,86,1778,37.48,467," UPRIGHT"," STATIONARY",0,0,-1001,-1001,0
"13:09:28",31.5,100,97,100,-1,89,81.2,25.9,24.5,-1,97,87,1778,37.48,466," UPRIGHT"," STATIONARY",0,0,-1001,-1001,0
"13:09:33",31.5,100,97,100,-1,89,85.9,25.9,24.5,-1,97,87,1778,37.48,466," UPRIGHT"," STATIONARY",0,0,-1001,-1001,0
"13:09:38",31.5,100,97,100,-1,89,84.9,25.9,24.5,-1,97,87,1778,37.48,466," UPRIGHT"," STATIONARY",0,0,-1001,-1001,0
"13:09:43",31.5,100,92,100,-1,85,75.9,24.5,22.2,-1,95,82,1778,37.47,466," UPRIGHT"," STATIONARY",0,0,-1001,-1001,0
"13:09:48",31.5,100,92,100,-1,85,86.2,24.5,22.2,-1,95,82,1778,37.47,466," UPRIGHT"," STATIONARY",0,0,-1001,-1001,0
"13:09:53",31.5,100,92,100,-1,85,76.9,24.5,22.2,-1,95,82,1778,37.47,466," UPRIGHT"," STATIONARY",0,0,-1001,-1001,0
"13:09:58",31.5,100,90,100,-1,84,80.4,23.1,19.5,-1,94,81,1778,37.47,465," UPRIGHT"," STATIONARY",0,0,-1001,-1001,0
"13:10:03",31.5,100,90,100,-1,84,83.7,23.1,19.5,-1,94,81,1778,37.47,465," UPRIGHT"," STATIONARY",0,0,-1001,-1001,0
"13:10:08",31.5,100,90,100,-1,84,76,23.1,19.5,-1,94,81,1778,37.47,465," UPRIGHT"," STATIONARY",0,0,-1001,-1001,0
"13:10:13",31.5,100,85,100,-1,81,74.8,21.3,18,-1,97,76,1778,37.47,466," UPRIGHT"," STATIONARY",0,0,-1001,-1001,0
"13:10:18",31.5,100,85,100,-1,81,77.3,21.3,18,-1,97,76,1778,37.47,466," UPRIGHT"," STATIONARY",0,0,-1001,-1001,0
"13:10:23",31.5,100,85,100,-1,81,77.1,21.3,18,-1,97,76,1778,37.47,466," UPRIGHT"," STATIONARY",0,0,-1001,-1001,0
"13:10:28",31.5,100,83,100,-1,79,78.3,22.5,19,-1,97,74,1778,37.47,466," UPRIGHT"," STATIONARY",0,0,-1001,-1001,0
"13:10:33",31.5,100,83,100,-1,79,80.8,22.5,19,-1,97,74,1778,37.47,466," UPRIGHT"," STATIONARY",0,0,-1001,-1001,0
"13:10:38",31.5,100,83,100,-1,79,78.2,22.5,19,-1,97,74,1778,37.47,466," UPRIGHT"," STATIONARY",0,0,-1001,-1001,0
"13:10:43",31.5,100,90,100,-1,85,81.4,22.9,22.9,-1,98,81,1778,37.46,463," UPRIGHT"," STATIONARY",0,0,-1001,-1001,0
"13:10:48",31.5,100,90,100,-1,85,88.5,22.9,22.9,-1,98,81,1778,37.46,463," UPRIGHT"," STATIONARY",0,0,-1001,-1001,0
"13:10:53",31.5,100,100,100,-1,92,79.3,23.9,22.8,-1,98,90,1778,37.46,465," UPRIGHT"," STATIONARY",0,0,-1001,-1001,0
"13:10:58",31.5,100,100,100,-1,92,87.6,23.9,22.8,-1,98,90,1778,37.46,465," UPRIGHT"," STATIONARY",0,0,-1001,-1001,0
"13:11:03",31.5,100,100,100,-1,92,83.4,23.9,22.8,-1,98,90,1778,37.46,465," UPRIGHT"," STATIONARY",0,0,-1001,-1001,0
"13:11:08",31.5,100,100,100,-1,92,84.7,23.9,22.8,-1,98,90,1778,37.46,465," UPRIGHT"," STATIONARY",0,0,-1001,-1001,0
"13:11:13",31.5,100,96,100,-1,89,85.1,25.8,24.7,-1,98,86,1778,37.46,465," UPRIGHT"," STATIONARY",0,0,-1001,-1001,0
"13:11:18",31.5,100,96,100,-1,89,88.3,25.8,24.7,-1,98,86,1778,37.46,465," UPRIGHT"," STATIONARY",0,0,-1001,-1001,0
"13:11:23",31.5,100,96,100,-1,89,80.4,25.8,24.7,-1,98,86,1778,37.46,465," UPRIGHT"," STATIONARY",0,0,-1001,-1001,0
"13:11:28",31.6,100,96,100,-1,88,79.5,25.5,24.5,-1,97,86,1778,37.46,465," UPRIGHT"," STATIONARY",0,0,-1001,-1001,0
"13:11:33",31.6,100,96,100,-1,88,88.1,25.5,24.5,-1,97,86,1778,37.46,465," UPRIGHT"," STATIONARY",0,0,-1001,-1001,0
"13:11:38",31.6,100,96,100,-1,88,82.1,25.5,24.5,-1,97,86,1778,37.46,465," UPRIGHT"," STATIONARY",0,0,-1001,-1001,0
"13:11:43",31.6,100,96,100,-1,88,82.8,25,24.3,-1,97,86,1778,37.45,465," UPRIGHT"," STATIONARY",0,0,-1001,-1001,0
"13:11:48",31.6,100,96,100,-1,88,85.4,25,24.3,-1,97,86,1778,37.45,465," UPRIGHT"," STATIONARY",0,0,-1001,-1001,0
"13:11:53",31.6,100,96,100,-1,88,85,25,24.3,-1,97,86,1778,37.45,465," UPRIGHT"," STATIONARY",0,0,-1001,-1001,0
"13:11:58",31.7,100,96,100,-1,88,92.3,26.2,25.8,-1,97,86,1778,37.44,464," UPRIGHT"," STATIONARY",0,0,-1001,-1001,0
"13:12:03",31.7,100,96,100,-1,88,79.8,26.2,25.8,-1,97,86,1778,37.44,464," UPRIGHT"," STATIONARY",0,0,-1001,-1001,0
"13:12:08",31.6,100,100,100,-1,91,84.3,24.6,24.7,-1,97,90,1778,37.44,465," UPRIGHT"," STATIONARY",0,0,-1001,-1001,0
"13:12:13",31.6,100,100,100,-1,91,84.7,24.6,24.7,-1,97,90,1778,37.44,465," UPRIGHT"," STATIONARY",0,0,-1001,-1001,0
"13:12:18",31.6,100,100,100,-1,91,82.9,24.6,24.7,-1,97,90,1778,37.44,465," UPRIGHT"," STATIONARY",0,0,-1001,-1001,0
"13:12:23",31.6,100,100,100,-1,91,71.4,24.6,24.7,-1,97,90,1778,37.44,465," UPRIGHT"," STATIONARY",0,0,-1001,-1001,0
"13:12:28",31.7,100,100,100,-1,91,80.1,25.9,26.3,-1,97,90,1778,37.44,465," UPRIGHT"," STATIONARY",0,0,-1001,-1001,0
"13:12:33",31.7,100,100,100,-1,91,78.7,25.9,26.3,-1,97,90,1778,37.44,465," UPRIGHT"," STATIONARY",0,0,-1001,-1001,0
"13:12:38",31.7,100,100,100,-1,91,89.7,26,26,-1,96,90,1778,37.44,464," UPRIGHT"," STATIONARY",0,0,-1001,-1001,0
"13:12:43",31.7,100,100,100,-1,91,85.2,26,26,-1,96,90,1778,37.44,464," UPRIGHT"," STATIONARY",0,0,-1001,-1001,0
"13:12:48",31.7,100,100,100,-1,91,82.2,26,26,-1,96,90,1778,37.44,464," UPRIGHT"," STATIONARY",0,0,-1001,-1001,0
"13:12:53",31.7,100,100,100,-1,91,87.1,26,26,-1,96,90,1778,37.44,464," UPRIGHT"," STATIONARY",0,0,-1001,-1001,0
"13:12:58",31.8,100,100,100,-1,91,84,25.7,25.8,-1,97,90,1778,37.46,466," UPRIGHT"," STATIONARY",0,0,-1001,-1001,0
"13:13:03",31.8,100,100,100,-1,91,92.5,25.7,25.8,-1,97,90,1778,37.46,466," UPRIGHT"," STATIONARY",0,0,-1001,-1001,0
"13:13:08",31.8,100,100,100,-1,91,85.8,25.7,25.8,-1,97,90,1778,37.46,466," UPRIGHT"," STATIONARY",0,0,-1001,-1001,0
"13:13:13",31.8,100,100,100,-1,91,79.5,26,25.2,-1,97,90,1778,37.46,464," UPRIGHT"," STATIONARY",0,0,-1001,-1001,0
"13:13:18",31.8,100,100,100,-1,91,80.5,26,25.2,-1,97,90,1778,37.46,464," UPRIGHT"," STATIONARY",0,0,-1001,-1001,0
"13:13:23",31.8,100,100,100,-1,91,82.4,26,25.2,-1,97,90,1778,37.46,464," UPRIGHT"," STATIONARY",0,0,-1001,-1001,0
"13:13:28",31.8,100,100,87,-1,92,82.9,24.7,23.9,-1,98,90,1778,37.46,465," UPRIGHT"," STATIONARY",0,0,-1001,-1001,0
"13:13:33",31.8,100,100,87,-1,92,85,24.7,23.9,-1,98,90,1778,37.46,465," UPRIGHT"," STATIONARY",0,0,-1001,-1001,0
"13:13:38",31.8,100,100,87,-1,92,81.9,24.7,23.9,-1,98,90,1778,37.46,465," UPRIGHT"," STATIONARY",0,0,-1001,-1001,0
"13:13:43",31.8,100,100,100,-1,91,87.3,25.6,24.2,-1,97,90,1778,37.46,464," UPRIGHT"," STATIONARY",0,0,-1001,-1001,0
"13:13:48",31.8,100,100,100,-1,91,71.2,25.6,24.2,-1,97,90,1778,37.46,464," UPRIGHT"," STATIONARY",0,0,-1001,-1001,0
"13:13:53",31.8,100,100,100,-1,91,74.1,25.6,24.2,-1,97,90,1778,37.46,464," UPRIGHT"," STATIONARY",0,0,-1001,-1001,0
"13:13:58",31.8,100,100,100,-1,91,75.7,25.8,24.2,-1,97,90,1778,37.46,464," UPRIGHT"," STATIONARY",0,0,-1001,-1001,0
"13:14:03",31.8,100,100,100,-1,91,78.3,25.8,24.2,-1,97,90,1778,37.46,464," UPRIGHT"," STATIONARY",0,0,-1001,-1001,0
"13:14:08",31.8,100,100,100,-1,91,84.7,25.8,24.2,-1,97,90,1778,37.46,464," UPRIGHT"," STATIONARY",0,0,-1001,-1001,0
"13:14:13",31.9,100,96,100,-1,89,80.8,25.8,24.6,-1,98,86,1778,37.47,465," UPRIGHT"," STATIONARY",0,0,-1001,-1001,0
"13:14:18",31.9,100,96,100,-1,89,82.2,25.8,24.6,-1,98,86,1778,37.47,465," UPRIGHT"," MOVING SLOWLY",0,0,-1001,-1001,0
"13:14:23",31.9,100,96,100,-1,89,91.9,25.8,24.6,-1,98,86,1778,37.47,465," UPRIGHT"," MOVING SLOWLY",0,0,-1001,-1001,0
"13:14:28",31.9,100,96,100,-1,88,77.4,25.9,26,-1,96,86,1778,37.47,465," UPRIGHT"," STATIONARY",0,0,-1001,-1001,0
"13:14:33",31.9,100,96,100,-1,88,98,25.9,26,-1,96,86,1778,37.47,465," UPRIGHT"," STATIONARY",0,0,-1001,-1001,0
"13:14:38",31.9,100,96,100,-1,88,58.7,25.9,26,-1,96,86,1778,37.47,465," UPRIGHT"," STATIONARY",0,0,-1001,-1001,0
"13:14:43",31.9,100,92,100,-1,84,67.1,25.2,25.4,-1,91,82,1778,37.47,465," UPRIGHT"," STATIONARY",0,0,-1001,-1001,0
"13:14:48",31.9,100,92,100,-1,84,92.8,25.2,25.4,-1,91,82,1778,37.47,465," UPRIGHT"," STATIONARY",0,0,-1001,-1001,0
"13:14:53",31.9,100,92,100,-1,84,97.2,25.2,25.4,-1,91,82,1778,37.47,465," UPRIGHT"," STATIONARY",0,0,-1001,-1001,0
"13:14:58",32,100,93,100,-1,85,87.4,24.3,24.3,-1,91,83,1778,37.47,466," UPRIGHT"," STATIONARY",0,0,-1001,-1001,0
"13:15:03",32,100,93,100,-1,85,80.7,24.3,24.3,-1,91,83,1778,37.47,466," UPRIGHT"," STATIONARY",0,0,-1001,-1001,0
"13:15:08",32,100,93,100,-1,85,81.1,24.3,24.3,-1,91,83,1778,37.47,466," UPRIGHT"," STATIONARY",0,0,-1001,-1001,0
"13:15:13",32,100,92,100,-1,85,80.1,24.6,24.5,-1,97,82,1778,37.47,465," UPRIGHT"," STATIONARY",0,0,-1001,-1001,0
"13:15:18",32,100,92,100,-1,85,84.8,24.6,24.5,-1,97,82,1778,37.47,465," UPRIGHT"," MOVING FAST",0,0,-1001,-1001,0
"13:15:23",32,100,92,100,-1,85,91.9,24.6,24.5,-1,97,82,1778,37.47,465," UPRIGHT"," STATIONARY",0,0,-1001,-1001,0
"13:15:28",32,100,92,100,-1,85,105.5,24.7,21.6,-1,95,82,1778,37.47,465," UPRIGHT"," STATIONARY",0,0,-1001,-1001,0
"13:15:33",32,100,92,100,-1,85,87.7,24.7,21.6,-1,95,82,1778,37.47,465," UPRIGHT"," STATIONARY",0,0,-1001,-1001,0
"13:15:38",32,100,92,100,-1,85,90.9,24.7,21.6,-1,95,82,1778,37.47,465," UPRIGHT"," STATIONARY",0,0,-1001,-1001,0
"13:15:43",32,91,81,100,-1,76,111.8,26.4,22,-1,86,72,1778,37.48,464," UPRIGHT"," STATIONARY",0,0,-1001,-1001,0
"13:15:48",32,91,81,100,-1,76,111.1,26.4,22,-1,86,72,1778,37.48,464," UPRIGHT"," MOVING SLOWLY",0,0,-1001,-1001,0
"13:15:53",32,91,81,100,-1,76,116.1,26.4,22,-1,86,72,1778,37.48,464," UPRIGHT"," STATIONARY",0,0,-1001,-1001,0
"13:15:58",32,96,78,100,-1,73,79.7,27,23.6,-1,83,70,1778,37.48,464," UPRIGHT"," MOVING SLOWLY",0,0,-1001,-1001,0
"13:16:03",32,96,78,100,-1,73,123.2,27,23.6,-1,83,70,1778,37.48,464," UPRIGHT"," STATIONARY",0,0,-1001,-1001,0
"13:16:08",32,96,78,100,-1,73,105.9,27,23.6,-1,83,70,1778,37.48,464," UPRIGHT"," MOVING FAST",0,0,-1001,-1001,0
"13:16:13",32,100,78,90,-1,74,126,30.5,24,-1,87,70,1778,37.48,464," UPRIGHT"," STATIONARY",0,0,-1001,-1001,0
"13:16:18",32,100,78,90,-1,74,99.2,30.5,24,-1,87,70,1778,37.48,464," UPRIGHT"," STATIONARY",0,0,-1001,-1001,0
"13:16:23",32,100,78,90,-1,74,104.4,30.5,24,-1,87,70,1778,37.48,464," UPRIGHT"," MOVING SLOWLY",0,0,-1001,-1001,0
"13:16:28",32,100,66,100,-1,66,119.7,32,26.8,-1,85,59,1778,37.48,464," UPRIGHT"," STATIONARY",0,0,-1001,-1001,0
"13:16:33",32,100,66,100,-1,66,85.8,32,26.8,-1,85,59,1778,37.48,464," UPRIGHT"," MOVING FAST",0,0,-1001,-1001,0
"13:16:38",32.1,96,75,100,-1,70,129.8,32.9,28.5,-1,82,67,1778,37.48,466," UPRIGHT"," STATIONARY",0,0,-1001,-1001,0
"13:16:43",32.1,96,75,100,-1,70,113.8,32.9,28.5,-1,82,67,1778,37.48,466," UPRIGHT"," MOVING SLOWLY",0,0,-1001,-1001,0
"13:16:48",32.1,96,75,100,-1,70,119.1,32.9,28.5,-1,82,67,1778,37.48,466," UPRIGHT"," STATIONARY",0,0,-1001,-1001,0
"13:16:53",32.1,96,75,100,-1,70,128.8,32.9,28.5,-1,82,67,1778,37.48,466," UPRIGHT"," MOVING SLOWLY",0,0,-1001,-1001,0
"13:16:58",32.1,100,76,100,-1,71,127.7,33.8,31.5,-1,83,68,1778,37.49,464," UPRIGHT"," MOVING SLOWLY",0,0,-1001,-1001,0
"13:17:03",32.1,100,76,100,-1,71,128,33.8,31.5,-1,83,68,1778,37.49,464," UPRIGHT"," STATIONARY",0,0,-1001,-1001,0
"13:17:08",32.1,100,76,100,-1,71,110.4,33.8,31.5,-1,83,68,1778,37.49,464," UPRIGHT"," STATIONARY",0,0,-1001,-1001,0
"13:17:13",32.1,100,84,100,-1,77,122.1,34.5,32.8,-1,86,75,1778,37.49,465," UPRIGHT"," STATIONARY",0,0,-1001,-1001,0
"13:17:18",32.1,100,84,100,-1,77,113.3,34.5,32.8,-1,86,75,1778,37.49,465," UPRIGHT"," STATIONARY",0,0,-1001,-1001,0
"13:17:23",32.1,100,84,100,-1,77,115,34.5,32.8,-1,86,75,1778,37.49,465," UPRIGHT"," STATIONARY",0,0,-1001,-1001,0
"13:17:28",32.2,100,94,100,-1,86,103,34.5,33.6,-1,93,84,1778,37.49,464," UPRIGHT"," STATIONARY",0,0,-1001,-1001,0
"13:17:33",32.2,100,94,100,-1,86,94.5,34.5,33.6,-1,93,84,1778,37.49,464," UPRIGHT"," STATIONARY",0,0,-1001,-1001,0
"13:17:38",32.2,100,97,100,-1,89,92.6,35.6,33.7,-1,96,87,1778,37.5,462," UPRIGHT"," STATIONARY",0,0,-1001,-1001,0
"13:17:43",32.2,100,97,100,-1,89,91.6,35.6,33.7,-1,96,87,1778,37.5,462," UPRIGHT"," STATIONARY",0,0,-1001,-1001,0
"13:17:48",32.2,100,97,100,-1,89,85.1,35.6,33.7,-1,96,87,1778,37.5,462," UPRIGHT"," STATIONARY",0,0,-1001,-1001,0
"13:17:53",32.2,100,97,100,-1,89,89.2,35.6,33.7,-1,96,87,1778,37.5,462," UPRIGHT"," STATIONARY",0,0,-1001,-1001,0
"13:17:58",32.3,100,100,100,-1,92,89.8,35.2,33.9,-1,98,90,1778,37.51,463," UPRIGHT"," STATIONARY",0,0,-1001,-1001,0
"13:18:03",32.3,100,100,100,-1,92,86.8,35.2,33.9,-1,98,90,1778,37.51,463," UPRIGHT"," STATIONARY",0,0,-1001,-1001,0
"13:18:08",32.3,100,100,100,-1,92,88.8,35.2,33.9,-1,98,90,1778,37.51,463," UPRIGHT"," STATIONARY",0,0,-1001,-1001,0
"13:18:13",32.2,100,100,100,-1,92,86.5,34.5,34.4,-1,98,90,1778,37.5,463," UPRIGHT"," STATIONARY",0,0,-1001,-1001,0
"13:18:18",32.2,100,100,100,-1,92,86.5,34.5,34.4,-1,98,90,1778,37.5,463," UPRIGHT"," STATIONARY",0,0,-1001,-1001,0
"13:18:23",32.3,100,100,100,-1,92,88.1,34.3,34.3,-1,99,90,1778,37.5,463," UPRIGHT"," STATIONARY",0,0,-1001,-1001,0
"13:18:28",32.3,100,100,100,-1,92,87.9,34.3,34.3,-1,99,90,1778,37.5,463," UPRIGHT"," STATIONARY",0,0,-1001,-1001,0
"13:18:33",32.3,100,100,100,-1,92,88.6,34.3,34.3,-1,99,90,1778,37.5,463," UPRIGHT"," STATIONARY",0,0,-1001,-1001,0
"13:18:38",32.3,100,100,100,-1,92,85.8,34.3,34.3,-1,99,90,1778,37.5,463," UPRIGHT"," STATIONARY",0,0,-1001,-1001,0
"13:18:43",32.3,100,100,100,-1,92,84,33.3,33.1,-1,98,90,1778,0,463," UPRIGHT"," STATIONARY",0,0,-1001,-1001,0
"13:18:48",32.3,100,100,100,-1,92,84.7,33.3,33.1,-1,98,90,1778,0,463," UPRIGHT"," STATIONARY",0,0,-1001,-1001,0
"13:18:53",32.4,100,100,100,-1,91,80.7,31.3,31.1,-1,97,90,1778,37.51,463," UPRIGHT"," STATIONARY",0,0,-1001,-1001,0
"13:18:58",32.4,100,100,100,-1,91,80.4,31.3,31.1,-1,97,90,1778,37.51,463," UPRIGHT"," STATIONARY",0,0,-1001,-1001,0
"13:19:03",32.4,100,100,100,-1,91,78.2,31.3,31.1,-1,97,90,1778,37.51,463," UPRIGHT"," STATIONARY",0,0,-1001,-1001,0
"13:19:08",32.4,100,100,100,-1,91,78.7,31.3,31.1,-1,97,90,1778,37.51,463," UPRIGHT"," STATIONARY",0,0,-1001,-1001,0
"13:19:13",32.4,100,100,100,-1,91,84.7,29,28.9,-1,97,90,1778,37.51,463," UPRIGHT"," STATIONARY",0,0,-1001,-1001,0
"13:19:18",32.4,100,100,100,-1,91,82,29,28.9,-1,97,90,1778,37.51,463," UPRIGHT"," STATIONARY",0,0,-1001,-1001,0
"13:19:23",32.4,100,100,100,-1,91,83,29,28.9,-1,97,90,1778,37.51,463," UPRIGHT"," STATIONARY",0,0,-1001,-1001,0
"13:19:28",32.4,100,100,100,-1,92,83.6,27.4,27.3,-1,98,90,1778,37.51,464," UPRIGHT"," STATIONARY",0,0,-1001,-1001,0
"13:19:33",32.4,100,100,100,-1,92,88.4,27.4,27.3,-1,98,90,1778,37.51,464," UPRIGHT"," STATIONARY",0,0,-1001,-1001,0
"13:19:38",32.4,100,100,100,-1,92,76.3,27.4,27.3,-1,98,90,1778,37.51,464," UPRIGHT"," STATIONARY",0,0,-1001,-1001,0
"13:19:43",32.5,100,100,100,-1,91,77,26.7,26.6,-1,97,90,1778,37.5,463," UPRIGHT"," STATIONARY",0,0,-1001,-1001,0
"13:19:48",32.5,100,100,100,-1,91,83.8,26.7,26.6,-1,97,90,1778,37.5,463," UPRIGHT"," STATIONARY",0,0,-1001,-1001,0
"13:19:53",32.5,100,100,100,-1,91,71.1,26.7,26.6,-1,97,90,1778,37.5,463," UPRIGHT"," STATIONARY",0,0,-1001,-1001,0
"13:19:58",32.5,85,100,100,-1,89,57.7,26,27.2,-1,87,90,1778,37.51,462," UPRIGHT"," STATIONARY",0,0,-1001,-1001,0
"13:20:03",32.5,85,100,100,-1,89,82.2,26,27.2,-1,87,90,1778,37.51,462," UPRIGHT"," STATIONARY",0,0,-1001,-1001,0
"13:20:08",32.5,85,100,100,-1,89,84.8,26,27.2,-1,87,90,1778,37.51,462," UPRIGHT"," STATIONARY",0,0,-1001,-1001,0
"13:20:13",32.5,100,100,100,-1,91,81.7,26.9,28.1,-1,94,90,1778,37.51,462," UPRIGHT"," STATIONARY",0,0,-1001,-1001,0
"13:20:18",32.5,100,100,100,-1,91,79.4,26.9,28.1,-1,94,90,1778,37.51,462," UPRIGHT"," STATIONARY",0,0,-1001,-1001,0
"13:20:23",32.5,100,100,100,-1,91,78.7,26.9,28.1,-1,94,90,1778,37.51,462," UPRIGHT"," STATIONARY",0,0,-1001,-1001,0
"13:20:28",32.5,100,100,100,-1,92,80.2,26.6,27,-1,98,90,1778,37.51,463," UPRIGHT"," STATIONARY",0,0,-1001,-1001,0
"13:20:33",32.5,100,100,100,-1,92,81.6,26.6,27,-1,98,90,1778,37.51,463," UPRIGHT"," STATIONARY",0,0,-1001,-1001,0
"13:20:38",32.5,100,100,100,-1,92,88,26.6,27,-1,98,90,1778,37.51,463," UPRIGHT"," STATIONARY",0,0,-1001,-1001,0
"13:20:43",32.6,100,100,100,-1,91,75.8,26,26.2,-1,97,90,1778,37.51,463," UPRIGHT"," STATIONARY",0,0,-1001,-1001,0
"13:20:48",32.6,100,100,100,-1,91,78.6,26,26.2,-1,97,90,1778,37.51,463," UPRIGHT"," STATIONARY",0,0,-1001,-1001,0
"13:20:53",32.6,100,100,100,-1,91,77.3,26,26.2,-1,97,90,1778,37.51,463," UPRIGHT"," STATIONARY",0,0,-1001,-1001,0
"13:20:58",32.7,100,100,100,-1,91,85.6,26.6,25.2,-1,97,90,1778,37.51,463," UPRIGHT"," STATIONARY",0,0,-1001,-1001,0
"13:21:03",32.7,100,100,100,-1,91,78.4,26.6,25.2,-1,97,90,1778,37.51,463," UPRIGHT"," STATIONARY",0,0,-1001,-1001,0
"13:21:08",32.7,100,100,100,-1,91,86.9,26.6,25.2,-1,97,90,1778,37.51,463," UPRIGHT"," STATIONARY",0,0,-1001,-1001,0
"13:21:13",32.7,100,100,100,-1,91,75.5,25.8,24.7,-1,97,90,1778,37.51,462," UPRIGHT"," STATIONARY",0,0,-1001,-1001,0
"13:21:18",32.7,100,100,100,-1,91,79.7,25.8,24.7,-1,97,90,1778,37.51,462," UPRIGHT"," STATIONARY",0,0,-1001,-1001,0
"13:21:23",32.7,100,100,100,-1,91,89.6,25.8,24.7,-1,97,90,1778,37.51,462," UPRIGHT"," STATIONARY",0,0,-1001,-1001,0
"13:21:28",32.7,100,100,100,-1,91,78.3,25.7,24.6,-1,97,90,1778,37.49,462," UPRIGHT"," STATIONARY",0,0,-1001,-1001,0
"13:21:33",32.7,100,100,100,-1,91,92.2,25.7,24.6,-1,97,90,1778,37.49,462," UPRIGHT"," STATIONARY",0,0,-1001,-1001,0
"13:21:38",32.7,100,100,100,-1,91,81.6,25.7,24.6,-1,97,90,1778,37.49,462," UPRIGHT"," STATIONARY",0,0,-1001,-1001,0
"13:21:43",32.8,100,100,100,-1,91,78.2,25.5,25.6,-1,97,90,1778,37.49,461," UPRIGHT"," STATIONARY",0,0,-1001,-1001,0
"13:21:48",32.8,100,100,100,-1,91,82,25.5,25.6,-1,97,90,1778,37.49,461," UPRIGHT"," STATIONARY",0,0,-1001,-1001,0
"13:21:53",32.8,100,100,100,-1,91,86.9,25.5,25.6,-1,97,90,1778,37.49,461," UPRIGHT"," STATIONARY",0,0,-1001,-1001,0
"13:21:58",32.8,100,100,100,-1,91,79.3,25.7,25.8,-1,97,90,1778,37.49,461," UPRIGHT"," STATIONARY",0,0,-1001,-1001,0
"13:22:03",32.8,100,100,100,-1,91,83.3,25.7,25.8,-1,97,90,1778,37.49,461," UPRIGHT"," STATIONARY",0,0,-1001,-1001,0
"13:22:08",32.8,100,100,100,-1,91,82.5,25.7,25.8,-1,97,90,1778,37.49,461," UPRIGHT"," STATIONARY",0,0,-1001,-1001,0
"13:22:13",32.9,100,100,100,-1,92,82.2,25.9,25.8,-1,98,90,1778,37.49,462," UPRIGHT"," STATIONARY",0,0,-1001,-1001,0
"13:22:18",32.9,100,100,100,-1,92,81,25.9,25.8,-1,98,90,1778,37.49,462," UPRIGHT"," STATIONARY",0,0,-1001,-1001,0
"13:22:23",32.9,100,100,100,-1,92,79.3,25.9,25.8,-1,98,90,1778,37.49,462," UPRIGHT"," STATIONARY",0,0,-1001,-1001,0
"13:22:28",32.9,100,100,100,-1,92,79.5,25.3,25.4,-1,98,90,1778,37.48,462," UPRIGHT"," STATIONARY",0,0,-1001,-1001,0
"13:22:33",32.9,100,100,100,-1,92,82.4,25.3,25.4,-1,98,90,1778,37.48,462," UPRIGHT"," STATIONARY",0,0,-1001,-1001,0
"13:22:38",33,100,100,100,-1,92,77,24.7,24.4,-1,98,90,1778,37.48,463," UPRIGHT"," STATIONARY",0,0,-1001,-1001,0
"13:22:43",33,100,100,100,-1,92,82.3,24.7,24.4,-1,98,90,1778,37.48,463," UPRIGHT"," STATIONARY",0,0,-1001,-1001,0
"13:22:48",33,100,100,100,-1,92,83.5,24.7,24.4,-1,98,90,1778,37.48,463," UPRIGHT"," STATIONARY",0,0,-1001,-1001,0
"13:22:53",33,100,100,100,-1,92,86.6,24.7,24.4,-1,98,90,1778,37.48,463," UPRIGHT"," STATIONARY",0,0,-1001,-1001,0
"13:22:58",33,100,100,100,-1,92,84.9,23.9,24,-1,98,90,1778,37.49,461," UPRIGHT"," STATIONARY",0,0,-1001,-1001,0
"13:23:03",33,100,100,100,-1,92,85.5,23.9,24,-1,98,90,1778,37.49,461," UPRIGHT"," STATIONARY",0,0,-1001,-1001,0
"13:23:08",33,100,100,100,-1,92,82.3,23.9,24,-1,98,90,1778,37.49,461," UPRIGHT"," STATIONARY",0,0,-1001,-1001,0
"13:23:13",33.1,100,100,100,-1,92,82.4,23.9,23.9,-1,98,90,1778,37.48,462," UPRIGHT"," STATIONARY",0,0,-1001,-1001,0
"13:23:18",33.1,100,100,100,-1,92,86.5,23.9,23.9,-1,98,90,1778,37.48,462," UPRIGHT"," STATIONARY",0,0,-1001,-1001,0
"13:23:23",33.1,100,100,100,-1,92,78.2,23.9,23.9,-1,98,90,1778,37.48,462," UPRIGHT"," STATIONARY",0,0,-1001,-1001,0
"13:23:28",33.1,100,100,100,-1,91,87.4,24.8,24.2,-1,97,90,1778,37.48,462," UPRIGHT"," STATIONARY",0,0,-1001,-1001,0
"13:23:33",33.1,100,100,100,-1,91,80.2,24.8,24.2,-1,97,90,1778,37.48,462," UPRIGHT"," STATIONARY",0,0,-1001,-1001,0
"13:23:38",33.1,100,100,100,-1,91,79.6,24.8,24.2,-1,97,90,1778,37.48,462," UPRIGHT"," STATIONARY",0,0,-1001,-1001,0
"13:23:43",33.1,100,100,100,-1,92,77.6,23.4,23.4,-1,98,90,1778,37.48,458," UPRIGHT"," STATIONARY",0,0,-1001,-1001,0
"13:23:48",33.1,100,100,100,-1,92,80.8,23.4,23.4,-1,98,90,1778,37.48,458," UPRIGHT"," STATIONARY",0,0,-1001,-1001,0
"13:23:53",33.1,100,100,100,-1,92,80.3,23.4,23.4,-1,98,90,1778,37.48,458," UPRIGHT"," STATIONARY",0,0,-1001,-1001,0
"13:23:58",33.2,100,100,100,-1,92,86.2,23.7,24.2,-1,98,90,1778,37.49,463," UPRIGHT"," MOVING SLOWLY",0,0,-1001,-1001,0
"13:24:03",33.2,100,100,100,-1,92,79.1,23.7,24.2,-1,98,90,1778,37.49,463," UPRIGHT"," MOVING SLOWLY",0,0,-1001,-1001,0
"13:24:08",33.2,100,100,100,-1,92,96,23.7,24.2,-1,98,90,1778,37.49,463," UPRIGHT"," MOVING SLOWLY",0,0,-1001,-1001,0
"13:24:13",33.2,100,100,100,-1,91,98.5,25.2,25.2,-1,95,90,1778,37.49,463," UPRIGHT"," MOVING FAST",0,0,-1001,-1001,0
"13:24:18",33.2,100,100,100,-1,91,77.1,25.2,25.2,-1,95,90,1778,37.49,463," UPRIGHT"," STATIONARY",0,0,-1001,-1001,0
"13:24:23",33.2,100,100,100,-1,91,111.2,25.2,25.2,-1,95,90,1778,37.49,463," UPRIGHT"," MOVING FAST",0,0,-1001,-1001,0
"13:24:28",33.3,100,100,100,-1,90,114.9,26.4,26.3,-1,91,90,1778,37.48,462," UPRIGHT"," STATIONARY",0,0,-1001,-1001,0
"13:24:33",33.3,100,100,100,-1,90,120.2,26.4,26.3,-1,91,90,1778,37.48,462," UPRIGHT"," MOVING FAST",0,0,-1001,-1001,0
"13:24:38",33.3,100,100,100,-1,90,125.7,26.4,26.3,-1,91,90,1778,37.48,462," UPRIGHT"," MOVING SLOWLY",0,0,-1001,-1001,0
"13:24:43",33.3,100,96,100,-1,86,101.7,29.7,25.2,-1,87,86,1778,37.47,463," UPRIGHT"," STATIONARY",0,0,-1001,-1001,0
"13:24:48",33.3,100,96,100,-1,86,131,29.7,25.2,-1,87,86,1778,37.47,463," UPRIGHT"," MOVING FAST",0,0,-1001,-1001,0
"13:24:53",33.3,100,96,100,-1,86,120.5,29.7,25.2,-1,87,86,1778,37.47,463," UPRIGHT"," STATIONARY",0,0,-1001,-1001,0
"13:24:58",33.4,100,85,88,-1,78,121.7,30.5,24.4,-1,87,76,1778,37.46,462," UPRIGHT"," MOVING SLOWLY",0,0,-1001,-1001,0
"13:25:03",33.4,100,85,88,-1,78,143.3,30.5,24.4,-1,87,76,1778,37.46,462," UPRIGHT"," MOVING FAST",0,0,-1001,-1001,0
"13:25:08",33.4,100,85,88,-1,78,143.8,30.5,24.4,-1,87,76,1778,37.46,462," UPRIGHT"," STATIONARY",0,0,-1001,-1001,0
"13:25:13",33.4,100,71,100,-1,70,143.6,34.2,25.7,-1,85,63,1778,37.47,463," UPRIGHT"," MOVING SLOWLY",0,0,-1001,-1001,0
"13:25:18",33.4,100,71,100,-1,70,134.6,34.2,25.7,-1,85,63,1778,37.47,463," UPRIGHT"," MOVING SLOWLY",0,0,-1001,-1001,0
"13:25:23",33.4,100,71,100,-1,70,133.5,34.2,25.7,-1,85,63,1778,37.47,463," UPRIGHT"," MOVING SLOWLY",0,0,-1001,-1001,0
"13:25:28",33.4,100,64,90,-1,63,131.5,36.5,30.1,-1,81,57,1778,37.47,464," UPRIGHT"," STATIONARY",0,0,-1001,-1001,0
"13:25:33",33.4,100,64,90,-1,63,117.8,36.5,30.1,-1,81,57,1778,37.47,464," UPRIGHT"," STATIONARY",0,0,-1001,-1001,0
"13:25:38",33.4,100,64,90,-1,63,141.6,36.5,30.1,-1,81,57,1778,37.47,464," UPRIGHT"," STATIONARY",0,0,-1001,-1001,0
"13:25:43",33.4,100,76,100,-1,71,137.3,39,35,-1,82,68,1778,37.47,462," UPRIGHT"," STATIONARY",0,0,-1001,-1001,0
"13:25:48",33.4,100,76,100,-1,71,127.8,39,35,-1,82,68,1778,37.47,462," UPRIGHT"," STATIONARY",0,0,-1001,-1001,0
"13:25:53",33.4,100,76,100,-1,71,122.9,39,35,-1,82,68,1778,37.47,462," UPRIGHT"," STATIONARY",0,0,-1001,-1001,0
"13:25:58",33.5,100,84,100,-1,79,113.6,41.3,39.8,-1,91,75,1778,37.48,464," UPRIGHT"," STATIONARY",0,0,-1001,-1001,0
"13:26:03",33.5,100,84,100,-1,79,107.9,41.3,39.8,-1,91,75,1778,37.48,464," UPRIGHT"," STATIONARY",0,0,-1001,-1001,0
"13:26:08",33.5,100,84,100,-1,79,103,41.3,39.8,-1,91,75,1778,37.48,464," UPRIGHT"," STATIONARY",0,0,-1001,-1001,0
"13:26:13",33.5,100,95,100,-1,87,99.7,40.9,41.5,-1,95,85,1778,37.48,462," UPRIGHT"," STATIONARY",0,0,-1001,-1001,0
"13:26:18",33.5,100,95,100,-1,87,104.9,40.9,41.5,-1,95,85,1778,37.48,462," UPRIGHT"," STATIONARY",0,0,-1001,-1001,0
"13:26:23",33.5,100,95,100,-1,87,103.5,40.9,41.5,-1,95,85,1778,37.48,462," UPRIGHT"," STATIONARY",0,0,-1001,-1001,0
"13:26:28",33.6,100,100,100,-1,91,99.6,40.2,39.4,-1,97,90,1778,37.49,463," UPRIGHT"," STATIONARY",0,0,-1001,-1001,0
"13:26:33",33.6,100,100,100,-1,91,102.2,40.2,39.4,-1,97,90,1778,37.49,463," UPRIGHT"," STATIONARY",0,0,-1001,-1001,0
"13:26:38",33.6,100,100,100,-1,91,95.2,40.2,39.4,-1,97,90,1778,37.49,463," UPRIGHT"," STATIONARY",0,0,-1001,-1001,0
"13:26:43",33.6,100,100,100,-1,92,96.6,36.1,36.1,-1,98,90,1778,37.49,459," UPRIGHT"," STATIONARY",0,0,-1001,-1001,0
"13:26:48",33.6,100,100,100,-1,92,95.5,36.1,36.1,-1,98,90,1778,37.49,459," UPRIGHT"," STATIONARY",0,0,-1001,-1001,0
"13:26:53",33.6,100,100,100,-1,92,98.8,36.1,36.1,-1,98,90,1778,37.49,459," UPRIGHT"," STATIONARY",0,0,-1001,-1001,0
"13:26:58",33.6,100,100,100,-1,92,98.4,32.7,32.9,-1,98,90,1778,37.5,462," UPRIGHT"," STATIONARY",0,0,-1001,-1001,0
"13:27:03",33.6,100,100,100,-1,92,96.6,32.7,32.9,-1,98,90,1778,37.5,462," UPRIGHT"," STATIONARY",0,0,-1001,-1001,0
"13:27:08",33.6,100,100,100,-1,92,92.7,32.7,32.9,-1,98,90,1778,37.5,462," UPRIGHT"," STATIONARY",0,0,-1001,-1001,0
"13:27:13",33.6,100,100,100,-1,92,90,30.9,30.8,-1,98,90,1778,37.5,463," UPRIGHT"," STATIONARY",0,0,-1001,-1001,0
"13:27:18",33.6,100,100,100,-1,92,91.5,30.9,30.8,-1,98,90,1778,37.5,463," UPRIGHT"," STATIONARY",0,0,-1001,-1001,0
"13:27:23",33.6,100,100,100,-1,92,86.5,30.9,30.8,-1,98,90,1778,37.5,463," UPRIGHT"," STATIONARY",0,0,-1001,-1001,0
"13:27:28",33.6,100,100,100,-1,92,87.9,30.1,30.6,-1,98,90,1778,37.5,462," UPRIGHT"," STATIONARY",0,0,-1001,-1001,0
"13:27:33",33.6,100,100,100,-1,92,88.1,30.1,30.6,-1,98,90,1778,37.5,462," UPRIGHT"," STATIONARY",0,0,-1001,-1001,0
"13:27:38",33.6,100,100,100,-1,92,97.5,30.1,30.6,-1,98,90,1778,37.5,462," UPRIGHT"," STATIONARY",0,0,-1001,-1001,0
"13:27:43",33.6,100,100,100,-1,91,94.4,30.7,29.9,-1,97,90,1778,37.51,461," UPRIGHT"," STATIONARY",0,0,-1001,-1001,0
"13:27:48",33.6,100,100,100,-1,91,93.4,30.7,29.9,-1,97,90,1778,37.51,461," UPRIGHT"," STATIONARY",0,0,-1001,-1001,0
"13:27:53",33.6,100,100,100,-1,91,93.1,30.7,29.9,-1,97,90,1778,37.51,461," UPRIGHT"," STATIONARY",0,0,-1001,-1001,0
"13:27:58",33.7,100,100,100,-1,91,86.9,30.5,28.4,-1,97,90,1778,37.51,463," UPRIGHT"," STATIONARY",0,0,-1001,-1001,0
"13:28:03",33.7,100,100,100,-1,91,89,30.5,28.4,-1,97,90,1778,37.51,463," UPRIGHT"," STATIONARY",0,0,-1001,-1001,0
"13:28:08",33.7,100,100,100,-1,91,88.2,30.5,28.4,-1,97,90,1778,37.51,463," UPRIGHT"," STATIONARY",0,0,-1001,-1001,0
"13:28:13",33.8,100,100,100,-1,91,90.2,29.9,27.8,-1,97,90,1778,37.51,461," UPRIGHT"," STATIONARY",0,0,-1001,-1001,0
"13:28:18",33.8,100,100,100,-1,91,91.5,29.9,27.8,-1,97,90,1778,37.51,461," UPRIGHT"," STATIONARY",0,0,-1001,-1001,0
"13:28:23",33.8,100,100,100,-1,91,88.4,29.9,27.8,-1,97,90,1778,37.51,461," UPRIGHT"," STATIONARY",0,0,-1001,-1001,0
"13:28:28",33.8,100,100,100,-1,91,91.6,30.2,29,-1,97,90,1778,37.52,462," UPRIGHT"," STATIONARY",0,0,-1001,-1001,0
"13:28:33",33.8,100,100,100,-1,91,88.9,30.2,29,-1,97,90,1778,37.52,462," UPRIGHT"," STATIONARY",0,0,-1001,-1001,0
"13:28:38",33.8,100,100,100,-1,91,92.6,30.2,29,-1,97,90,1778,37.52,462," UPRIGHT"," STATIONARY",0,0,-1001,-1001,0
"13:28:43",33.8,100,100,100,-1,92,91.4,29.6,28.6,-1,98,90,1778,37.52,461," UPRIGHT"," STATIONARY",0,0,-1001,-1001,0
"13:28:48",33.8,100,100,100,-1,92,88.7,29.6,28.6,-1,98,90,1778,37.52,461," UPRIGHT"," STATIONARY",0,0,-1001,-1001,0
"13:28:53",33.8,100,100,100,-1,92,92.6,29.6,28.6,-1,98,90,1778,37.52,461," UPRIGHT"," STATIONARY",0,0,-1001,-1001,0
"13:28:58",33.8,100,100,100,-1,91,78.4,27.9,29,-1,97,90,1778,37.52,461," UPRIGHT"," STATIONARY",0,0,-1001,-1001,0
"13:29:03",33.8,100,100,100,-1,91,81,27.9,29,-1,97,90,1778,37.52,461," UPRIGHT"," STATIONARY",0,0,-1001,-1001,0
"13:29:08",33.8,100,100,100,-1,91,86.8,27.9,29,-1,97,90,1778,37.52,461," UPRIGHT"," STATIONARY",0,0,-1001,-1001,0
"13:29:13",33.9,100,100,100,-1,91,84.3,26.6,26.5,-1,97,90,1778,37.52,461," UPRIGHT"," STATIONARY",0,0,-1001,-1001,0
"13:29:18",33.9,100,100,100,-1,91,90.7,26.6,26.5,-1,97,90,1778,37.52,461," UPRIGHT"," STATIONARY",0,0,-1001,-1001,0
"13:29:23",33.9,100,100,100,-1,91,88,26.6,26.5,-1,97,90,1778,37.52,461," UPRIGHT"," STATIONARY",0,0,-1001,-1001,0
"13:29:28",33.9,100,100,100,-1,91,92.1,25.4,25.3,-1,97,90,1778,37.53,462," UPRIGHT"," STATIONARY",0,0,-1001,-1001,0
"13:29:33",33.9,100,100,100,-1,91,86.5,25.4,25.3,-1,97,90,1778,37.53,462," UPRIGHT"," STATIONARY",0,0,-1001,-1001,0
"13:29:38",33.9,100,100,100,-1,91,89.9,25.4,25.3,-1,97,90,1778,37.53,462," UPRIGHT"," STATIONARY",0,0,-1001,-1001,0
"13:29:43",34,100,100,100,-1,92,86.6,24.9,24.8,-1,98,90,1778,37.53,462," UPRIGHT"," STATIONARY",0,0,-1001,-1001,0
"13:29:48",34,100,100,100,-1,92,93,24.9,24.8,-1,98,90,1778,37.53,462," UPRIGHT"," STATIONARY",0,0,-1001,-1001,0
"13:29:53",34,100,100,100,-1,92,93.1,24.9,24.8,-1,98,90,1778,37.53,462," UPRIGHT"," STATIONARY",0,0,-1001,-1001,0
"13:29:58",34,100,100,100,-1,92,87.1,26.1,25,-1,98,90,1778,37.53,460," UPRIGHT"," STATIONARY",0,0,-1001,-1001,0
"13:30:03",34,100,100,100,-1,92,87.6,26.1,25,-1,98,90,1778,37.53,460," UPRIGHT"," STATIONARY",0,0,-1001,-1001,0
"13:30:08",34.1,100,100,100,-1,92,91.8,26.2,25.2,-1,98,90,1778,37.53,462," UPRIGHT"," STATIONARY",0,0,-1001,-1001,0
"13:30:13",34.1,100,100,100,-1,92,82.9,26.2,25.2,-1,98,90,1778,37.53,462," UPRIGHT"," STATIONARY",0,0,-1001,-1001,0
"13:30:18",34.1,100,100,100,-1,92,87.2,26.2,25.2,-1,98,90,1778,37.53,462," UPRIGHT"," STATIONARY",0,0,-1001,-1001,0
"13:30:23",34.1,100,100,100,-1,92,89.1,26.2,25.2,-1,98,90,1778,37.53,462," UPRIGHT"," STATIONARY",0,0,-1001,-1001,0
"13:30:28",34.1,100,100,100,-1,92,91,25.5,24.6,-1,98,90,1778,37.53,461," UPRIGHT"," STATIONARY",0,0,-1001,-1001,0
"13:30:33",34.1,100,100,100,-1,92,85.8,25.5,24.6,-1,98,90,1778,37.53,461," UPRIGHT"," STATIONARY",0,0,-1001,-1001,0
"13:30:38",34.1,100,100,100,-1,92,94.9,25.5,24.6,-1,98,90,1778,37.53,461," UPRIGHT"," STATIONARY",0,0,-1001,-1001,0
"13:30:43",34.2,100,100,100,-1,92,85.8,24.7,23.4,-1,98,90,1778,37.52,461," UPRIGHT"," STATIONARY",0,0,-1001,-1001,0
"13:30:48",34.2,100,100,100,-1,92,86.9,24.7,23.4,-1,98,90,1778,37.52,461," UPRIGHT"," STATIONARY",0,0,-1001,-1001,0
"13:30:53",34.2,100,100,100,-1,92,85.6,24.7,23.4,-1,98,90,1778,37.52,461," UPRIGHT"," STATIONARY",0,0,-1001,-1001,0
"13:30:58",34.2,100,96,100,-1,88,88.9,22.8,22,-1,97,86,1778,37.52,461," UPRIGHT"," STATIONARY",0,0,-1001,-1001,0
"13:31:03",34.2,100,96,100,-1,88,89.7,22.8,22,-1,97,86,1778,37.52,461," UPRIGHT"," STATIONARY",0,0,-1001,-1001,0
"13:31:08",34.2,100,96,100,-1,88,85.2,22.8,22,-1,97,86,1778,37.52,461," UPRIGHT"," STATIONARY",0,0,-1001,-1001,0
"13:31:13",34.3,100,96,100,-1,88,92.3,23.9,22.5,-1,97,86,1778,37.52,462," UPRIGHT"," STATIONARY",0,0,-1001,-1001,0
"13:31:18",34.3,100,96,100,-1,88,80.5,23.9,22.5,-1,97,86,1778,37.52,462," UPRIGHT"," STATIONARY",0,0,-1001,-1001,0
"13:31:23",34.3,100,96,100,-1,88,93.5,23.9,22.5,-1,97,86,1778,37.52,462," UPRIGHT"," STATIONARY",0,0,-1001,-1001,0
"13:31:28",34.3,100,90,100,-1,85,82.9,23.6,20.9,-1,97,81,1778,37.52,462," UPRIGHT"," STATIONARY",0,0,-1001,-1001,0
"13:31:33",34.3,100,90,100,-1,85,87.4,23.6,20.9,-1,97,81,1778,37.52,462," UPRIGHT"," STATIONARY",0,0,-1001,-1001,0
"13:31:38",34.3,100,90,100,-1,85,84.3,23.6,20.9,-1,97,81,1778,37.52,462," UPRIGHT"," STATIONARY",0,0,-1001,-1001,0
"13:31:43",34.3,100,80,100,-1,78,92.5,25.1,20.2,-1,97,72,1778,37.52,462," UPRIGHT"," STATIONARY",0,0,-1001,-1001,0
"13:31:48",34.3,100,80,100,-1,78,94.4,25.1,20.2,-1,97,72,1778,37.52,462," UPRIGHT"," STATIONARY",0,0,-1001,-1001,0
"13:31:53",34.3,100,80,100,-1,78,87.6,25.1,20.2,-1,97,72,1778,37.52,462," UPRIGHT"," STATIONARY",0,0,-1001,-1001,0
"13:31:58",34.4,100,78,100,-1,76,90.3,25.1,20.7,-1,97,70,1778,37.51,462," UPRIGHT"," STATIONARY",0,0,-1001,-1001,0
"13:32:03",34.4,100,78,100,-1,76,84.6,25.1,20.7,-1,97,70,1778,37.51,462," UPRIGHT"," MOVING SLOWLY",0,0,-1001,-1001,0
"13:32:08",34.4,100,78,100,-1,76,90.5,25.1,20.7,-1,97,70,1778,37.51,462," UPRIGHT"," MOVING SLOWLY",0,0,-1001,-1001,0
"13:32:13",34.5,100,75,100,-1,74,83.4,25.6,22.7,-1,96,67,1778,37.51,462," UPRIGHT"," STATIONARY",0,0,-1001,-1001,0
"13:32:18",34.5,100,75,100,-1,74,87.3,25.6,22.7,-1,96,67,1778,37.51,462," UPRIGHT"," STATIONARY",0,0,-1001,-1001,0
"13:32:23",34.5,100,75,100,-1,74,100.3,25.6,22.7,-1,96,67,1778,37.51,462," UPRIGHT"," STATIONARY",0,0,-1001,-1001,0
"13:32:28",34.5,100,82,100,-1,77,57.7,25.8,25,-1,91,73,1778,37.51,462," UPRIGHT"," STATIONARY",0,0,-1001,-1001,0
"13:32:33",34.5,100,82,100,-1,77,63.8,25.8,25,-1,91,73,1778,37.51,462," UPRIGHT"," STATIONARY",0,0,-1001,-1001,0
"13:32:38",34.5,100,82,100,-1,77,97,25.8,25,-1,91,73,1778,37.51,462," UPRIGHT"," STATIONARY",0,0,-1001,-1001,0
"13:32:43",34.5,95,85,100,-1,79,96.6,24,27.2,-1,90,76,1778,37.51,462," UPRIGHT"," MOVING SLOWLY",0,0,-1001,-1001,0
"13:32:48",34.5,95,85,100,-1,79,75.2,24,27.2,-1,90,76,1778,37.51,462," UPRIGHT"," STATIONARY",0,0,-1001,-1001,0
"13:32:53",34.5,95,85,100,-1,79,95.6,24,27.2,-1,90,76,1778,37.51,462," UPRIGHT"," STATIONARY",0,0,-1001,-1001,0
"13:32:58",34.6,100,97,100,-1,88,89.3,26,28.3,-1,91,87,1778,37.51,462," UPRIGHT"," STATIONARY",0,0,-1001,-1001,0
"13:33:03",34.6,100,97,100,-1,88,91.4,26,28.3,-1,91,87,1778,37.51,462," UPRIGHT"," STATIONARY",0,0,-1001,-1001,0
"13:33:08",34.6,100,97,100,-1,88,86.9,26,28.3,-1,91,87,1778,37.51,462," UPRIGHT"," STATIONARY",0,0,-1001,-1001,0
"13:33:13",34.6,100,97,100,-1,88,85.4,26.4,27.5,-1,92,87,1778,37.5,460," UPRIGHT"," STATIONARY",0,0,-1001,-1001,0
"13:33:18",34.6,100,97,100,-1,88,86.6,26.4,27.5,-1,92,87,1778,37.5,460," UPRIGHT"," STATIONARY",0,0,-1001,-1001,0
"13:33:23",34.6,100,100,100,-1,92,87.1,25.8,25.6,-1,98,90,1778,37.51,462," UPRIGHT"," STATIONARY",0,0,-1001,-1001,0
"13:33:28",34.6,100,100,100,-1,92,85,25.8,25.6,-1,98,90,1778,37.51,462," UPRIGHT"," MOVING SLOWLY",0,0,-1001,-1001,0
"13:33:33",34.6,100,100,100,-1,92,103,25.8,25.6,-1,98,90,1778,37.51,462," UPRIGHT"," STATIONARY",0,0,-1001,-1001,0
"13:33:38",34.6,100,100,100,-1,92,93.7,25.8,25.6,-1,98,90,1778,37.51,462," UPRIGHT"," MOVING SLOWLY",0,0,-1001,-1001,0
"13:33:43",34.7,96,100,100,-1,90,114,26.6,26.2,-1,91,90,1778,37.51,462," UPRIGHT"," STATIONARY",0,0,-1001,-1001,0
"13:33:48",34.7,96,100,100,-1,90,108.4,26.6,26.2,-1,91,90,1778,37.51,462," UPRIGHT"," MOVING FAST",0,0,-1001,-1001,0
"13:33:53",34.7,96,100,100,-1,90,111.1,26.6,26.2,-1,91,90,1778,37.51,462," UPRIGHT"," STATIONARY",0,0,-1001,-1001,0
"13:33:58",34.7,100,97,100,-1,87,123,25.9,24.5,-1,88,87,1778,37.5,461," UPRIGHT"," STATIONARY",0,0,-1001,-1001,0
"13:34:03",34.7,100,97,100,-1,87,114.9,25.9,24.5,-1,88,87,1778,37.5,461," UPRIGHT"," STATIONARY",0,0,-1001,-1001,0
"13:34:08",34.7,100,97,100,-1,87,132.1,25.9,24.5,-1,88,87,1778,37.5,461," UPRIGHT"," STATIONARY",0,0,-1001,-1001,0
"13:34:13",34.7,96,92,100,-1,82,71,26.9,24.5,-1,83,82,1778,37.5,463," UPRIGHT"," MOVING FAST",0,0,-1001,-1001,0
"13:34:18",34.7,96,92,100,-1,82,133.1,26.9,24.5,-1,83,82,1778,37.5,463," UPRIGHT"," STATIONARY",0,0,-1001,-1001,0
"13:34:23",34.7,96,92,100,-1,82,116.8,26.9,24.5,-1,83,82,1778,37.5,463," UPRIGHT"," STATIONARY",0,0,-1001,-1001,0
"13:34:28",34.7,91,87,100,-1,77,133.9,29,24.8,-1,76,78,1778,37.5,463," UPRIGHT"," STATIONARY",0,0,-1001,-1001,0
"13:34:33",34.7,91,87,100,-1,77,138.6,29,24.8,-1,76,78,1778,37.5,463," UPRIGHT"," MOVING FAST",0,0,-1001,-1001,0
"13:34:38",34.7,91,87,100,-1,77,135.9,29,24.8,-1,76,78,1778,37.5,463," UPRIGHT"," STATIONARY",0,0,-1001,-1001,0
"13:34:43",34.8,100,71,100,-1,69,125.2,33.6,26,-1,85,63,1778,37.5,462," UPRIGHT"," MOVING SLOWLY",0,0,-1001,-1001,0
"13:34:48",34.8,100,71,100,-1,69,143,33.6,26,-1,85,63,1778,37.5,462," UPRIGHT"," MOVING SLOWLY",0,0,-1001,-1001,0
"13:34:53",34.8,100,71,100,-1,69,130,33.6,26,-1,85,63,1778,37.5,462," UPRIGHT"," MOVING SLOWLY",0,0,-1001,-1001,0
"13:34:58",34.8,94,64,100,-1,63,130,36.7,29.1,-1,84,57,1778,37.5,464," UPRIGHT"," STATIONARY",0,0,-1001,-1001,0
"13:35:03",34.8,94,64,100,-1,63,142.2,36.7,29.1,-1,84,57,1778,37.5,464," UPRIGHT"," STATIONARY",0,0,-1001,-1001,0
"13:35:08",34.8,94,64,100,-1,63,138.9,36.7,29.1,-1,84,57,1778,37.5,464," UPRIGHT"," STATIONARY",0,0,-1001,-1001,0
"13:35:13",34.8,100,68,100,-1,68,131.9,39.5,34,-1,91,61,1778,37.5,462," UPRIGHT"," STATIONARY",0,0,-1001,-1001,0
"13:35:18",34.8,100,68,100,-1,68,126.2,39.5,34,-1,91,61,1778,37.5,462," UPRIGHT"," STATIONARY",0,0,-1001,-1001,0
"13:35:23",34.8,100,68,100,-1,68,121.9,39.5,34,-1,91,61,1778,37.5,462," UPRIGHT"," STATIONARY",0,0,-1001,-1001,0
"13:35:28",34.9,100,79,100,-1,77,111.1,39.8,36.9,-1,95,71,1778,37.51,461," UPRIGHT"," STATIONARY",0,0,-1001,-1001,0
"13:35:33",34.9,100,79,100,-1,77,114.3,39.8,36.9,-1,95,71,1778,37.51,461," UPRIGHT"," STATIONARY",0,0,-1001,-1001,0
"13:35:38",34.9,100,79,100,-1,77,110.8,39.8,36.9,-1,95,71,1778,37.51,461," UPRIGHT"," STATIONARY",0,0,-1001,-1001,0
"13:35:43",34.9,100,89,100,-1,83,104.6,39.5,38.9,-1,95,80,1778,37.51,462," UPRIGHT"," STATIONARY",0,0,-1001,-1001,0
"13:35:48",34.9,100,89,100,-1,83,101.6,39.5,38.9,-1,95,80,1778,37.51,462," UPRIGHT"," STATIONARY",0,0,-1001,-1001,0
"13:35:53",34.9,100,89,100,-1,83,98.3,39.5,38.9,-1,95,80,1778,37.51,462," UPRIGHT"," STATIONARY",0,0,-1001,-1001,0
"13:35:58",34.9,100,98,100,-1,89,103.1,38.7,40.3,-1,95,88,1778,37.52,461," UPRIGHT"," STATIONARY",0,0,-1001,-1001,0
"13:36:03",34.9,100,98,100,-1,89,86.5,38.7,40.3,-1,95,88,1778,37.52,461," UPRIGHT"," STATIONARY",0,0,-1001,-1001,0
"13:36:08",34.9,100,98,100,-1,89,99.5,38.7,40.3,-1,95,88,1778,37.52,461," UPRIGHT"," STATIONARY",0,0,-1001,-1001,0
"13:36:13",35,100,100,100,-1,91,97.3,37.1,38.1,-1,95,90,1778,37.53,461," UPRIGHT"," STATIONARY",0,0,-1001,-1001,0
"13:36:18",35,100,100,100,-1,91,103.1,37.1,38.1,-1,95,90,1778,37.53,461," UPRIGHT"," STATIONARY",0,0,-1001,-1001,0
"13:36:23",35,100,100,100,-1,91,96.1,37.1,38.1,-1,95,90,1778,37.53,461," UPRIGHT"," STATIONARY",0,0,-1001,-1001,0
"13:36:28",35,100,100,100,-1,91,97,35.5,36.8,-1,97,90,1778,37.53,462," UPRIGHT"," STATIONARY",0,0,-1001,-1001,0
"13:36:33",35,100,100,100,-1,91,98.4,35.5,36.8,-1,97,90,1778,37.53,462," UPRIGHT"," STATIONARY",0,0,-1001,-1001,0
"13:36:38",35,100,100,100,-1,91,96,35.5,36.8,-1,97,90,1778,37.53,462," UPRIGHT"," STATIONARY",0,0,-1001,-1001,0
"13:36:43",35,100,100,100,-1,92,97.8,34.5,35.5,-1,98,90,1778,37.54,461," UPRIGHT"," STATIONARY",0,0,-1001,-1001,0
"13:36:48",35,100,100,100,-1,92,99.5,34.5,35.5,-1,98,90,1778,37.54,461," UPRIGHT"," STATIONARY",0,0,-1001,-1001,0
"13:36:53",35,100,100,100,-1,92,94.1,34.5,35.5,-1,98,90,1778,37.54,461," UPRIGHT"," STATIONARY",0,0,-1001,-1001,0
"13:36:58",35,100,100,100,-1,91,89.9,30.5,31.3,-1,97,90,1778,37.54,461," UPRIGHT"," STATIONARY",0,0,-1001,-1001,0
"13:37:03",35,100,100,100,-1,91,93.7,30.5,31.3,-1,97,90,1778,37.54,461," UPRIGHT"," STATIONARY",0,0,-1001,-1001,0
"13:37:08",35,100,100,100,-1,91,93.6,30.5,31.3,-1,97,90,1778,37.54,461," UPRIGHT"," STATIONARY",0,0,-1001,-1001,0
"13:37:13",35,100,100,100,-1,91,94.4,29,30.3,-1,97,90,1778,37.55,462," UPRIGHT"," STATIONARY",0,0,-1001,-1001,0
"13:37:18",35,100,100,100,-1,91,102.5,29,30.3,-1,97,90,1778,37.55,462," UPRIGHT"," STATIONARY",0,0,-1001,-1001,0
"13:37:23",35,100,100,100,-1,91,102.4,29,30.3,-1,97,90,1778,37.55,462," UPRIGHT"," STATIONARY",0,0,-1001,-1001,0
"13:37:28",35,100,100,85,-1,91,94,27,28.1,-1,97,90,1778,37.55,460," UPRIGHT"," STATIONARY",0,0,-1001,-1001,0
"13:37:33",35,100,100,85,-1,91,93.1,27,28.1,-1,97,90,1778,37.55,460," UPRIGHT"," STATIONARY",0,0,-1001,-1001,0
"13:37:38",35,100,100,85,-1,91,97.4,27,28.1,-1,97,90,1778,37.55,460," UPRIGHT"," STATIONARY",0,0,-1001,-1001,0
"13:37:43",35.1,100,100,100,-1,91,96.3,26.8,26.6,-1,97,90,1778,37.57,460," UPRIGHT"," STATIONARY",0,0,-1001,-1001,0
"13:37:48",35.1,100,100,100,-1,91,96.3,26.8,26.6,-1,97,90,1778,37.57,460," UPRIGHT"," STATIONARY",0,0,-1001,-1001,0
"13:37:53",35.1,100,100,100,-1,91,94,26.8,26.6,-1,97,90,1778,37.57,460," UPRIGHT"," STATIONARY",0,0,-1001,-1001,0
"13:37:58",35.1,100,100,100,-1,92,93.4,27.1,27,-1,98,90,1778,37.57,461," UPRIGHT"," STATIONARY",0,0,-1001,-1001,0
"13:38:03",35.1,100,100,100,-1,92,93.5,27.1,27,-1,98,90,1778,37.57,461," UPRIGHT"," STATIONARY",0,0,-1001,-1001,0
"13:38:08",35.1,100,100,100,-1,92,93.3,27.1,27,-1,98,90,1778,37.57,461," UPRIGHT"," STATIONARY",0,0,-1001,-1001,0
"13:38:13",35.1,100,100,100,-1,92,96.1,25.2,23.8,-1,99,90,1778,37.57,462," UPRIGHT"," STATIONARY",0,0,-1001,-1001,0
"13:38:18",35.1,100,100,100,-1,92,91.4,25.2,23.8,-1,99,90,1778,37.57,462," UPRIGHT"," STATIONARY",0,0,-1001,-1001,0
"13:38:23",35.1,100,100,100,-1,92,91.3,25.2,23.8,-1,99,90,1778,37.57,462," UPRIGHT"," STATIONARY",0,0,-1001,-1001,0
"13:38:28",35.1,100,96,100,-1,89,95,25.9,21.3,-1,98,86,1778,37.57,461," UPRIGHT"," STATIONARY",0,0,-1001,-1001,0
"13:38:33",35.1,100,96,100,-1,89,88.3,25.9,21.3,-1,98,86,1778,37.57,461," UPRIGHT"," STATIONARY",0,0,-1001,-1001,0
"13:38:38",35.1,100,96,100,-1,89,97.9,25.9,21.3,-1,98,86,1778,37.57,461," UPRIGHT"," STATIONARY",0,0,-1001,-1001,0
"13:38:43",35.1,100,85,100,-1,81,94.5,25.7,22,-1,97,76,1778,37.57,461," UPRIGHT"," STATIONARY",0,0,-1001,-1001,0
"13:38:48",35.1,100,85,100,-1,81,94.9,25.7,22,-1,97,76,1778,37.57,461," UPRIGHT"," STATIONARY",0,0,-1001,-1001,0
"13:38:53",35.1,100,85,100,-1,81,98.2,25.7,22,-1,97,76,1778,37.57,461," UPRIGHT"," STATIONARY",0,0,-1001,-1001,0
"13:38:58",35.2,100,81,100,-1,78,98.9,26.4,21.6,-1,97,72,1778,37.57,461," UPRIGHT"," STATIONARY",0,0,-1001,-1001,0
"13:39:03",35.2,100,81,100,-1,78,56.9,26.4,21.6,-1,97,72,1778,37.57,461," UPRIGHT"," STATIONARY",0,0,-1001,-1001,0
"13:39:08",35.2,100,81,100,-1,78,99,26.4,21.6,-1,97,72,1778,37.57,461," UPRIGHT"," STATIONARY",0,0,-1001,-1001,0
"13:39:13",35.2,100,81,100,-1,77,98.1,26,23,-1,93,72,1778,37.56,462," UPRIGHT"," STATIONARY",0,0,-1001,-1001,0
"13:39:18",35.2,100,81,100,-1,77,93,26,23,-1,93,72,1778,37.56,462," UPRIGHT"," STATIONARY",0,0,-1001,-1001,0
"13:39:23",35.2,100,81,100,-1,77,93.9,26,23,-1,93,72,1778,37.56,462," UPRIGHT"," STATIONARY",0,0,-1001,-1001,0
"13:39:28",35.3,100,87,100,-1,82,96.8,27,27,-1,94,78,1778,37.57,461," UPRIGHT"," STATIONARY",0,0,-1001,-1001,0
"13:39:33",35.3,100,87,100,-1,82,95.4,27,27,-1,94,78,1778,37.57,461," UPRIGHT"," STATIONARY",0,0,-1001,-1001,0
"13:39:38",35.3,100,87,100,-1,82,87.6,27,27,-1,94,78,1778,37.57,461," UPRIGHT"," STATIONARY",0,0,-1001,-1001,0
"13:39:43",35.3,100,100,100,-1,92,92,27.2,26.3,-1,98,90,1778,37.56,461," UPRIGHT"," STATIONARY",0,0,-1001,-1001,0
"13:39:48",35.3,100,100,100,-1,92,93.3,27.2,26.3,-1,98,90,1778,37.56,461," UPRIGHT"," STATIONARY",0,0,-1001,-1001,0
"13:39:53",35.3,100,100,100,-1,92,93.4,27.2,26.3,-1,98,90,1778,37.56,461," UPRIGHT"," STATIONARY",0,0,-1001,-1001,0
"13:39:58",35.3,100,100,100,-1,91,92.1,26.4,27.1,-1,97,90,1778,37.55,461," UPRIGHT"," STATIONARY",0,0,-1001,-1001,0
"13:40:03",35.3,100,100,100,-1,91,88.7,26.4,27.1,-1,97,90,1778,37.55,461," UPRIGHT"," STATIONARY",0,0,-1001,-1001,0
"13:40:08",35.3,100,100,100,-1,91,88.7,26.4,27.1,-1,97,90,1778,37.55,461," UPRIGHT"," STATIONARY",0,0,-1001,-1001,0
"13:40:13",35.3,100,100,100,-1,92,89,26.6,25.6,-1,98,90,1778,37.55,461," UPRIGHT"," STATIONARY",0,0,-1001,-1001,0
"13:40:18",35.3,100,100,100,-1,92,85.2,26.6,25.6,-1,98,90,1778,37.55,461," UPRIGHT"," STATIONARY",0,0,-1001,-1001,0
"13:40:23",35.3,100,100,100,-1,92,86.1,26.6,25.6,-1,98,90,1778,37.55,461," UPRIGHT"," STATIONARY",0,0,-1001,-1001,0
"13:40:28",35.3,100,100,100,-1,92,83.3,27.4,26.9,-1,99,90,1778,37.55,461," UPRIGHT"," STATIONARY",0,0,-1001,-1001,0
"13:40:33",35.3,100,100,100,-1,92,89.2,27.4,26.9,-1,99,90,1778,37.55,461," UPRIGHT"," STATIONARY",0,0,-1001,-1001,0
"13:40:38",35.3,100,100,100,-1,92,89.3,27.4,26.9,-1,99,90,1778,37.55,461," UPRIGHT"," STATIONARY",0,0,-1001,-1001,0
"13:40:43",35.4,100,100,100,-1,92,90,28.5,28.2,-1,98,90,1778,37.55,461," UPRIGHT"," STATIONARY",0,0,-1001,-1001,0
"13:40:48",35.4,100,100,100,-1,92,93.9,28.5,28.2,-1,98,90,1778,37.55,461," UPRIGHT"," STATIONARY",0,0,-1001,-1001,0
"13:40:53",35.4,100,100,100,-1,92,86.6,28.5,28.2,-1,98,90,1778,37.55,461," UPRIGHT"," STATIONARY",0,0,-1001,-1001,0
"13:40:58",35.5,100,100,100,-1,91,85.4,27.2,26.1,-1,97,90,1778,37.55,461," UPRIGHT"," STATIONARY",0,0,-1001,-1001,0
"13:41:03",35.5,100,100,100,-1,91,83.9,27.2,26.1,-1,97,90,1778,37.55,461," UPRIGHT"," STATIONARY",0,0,-1001,-1001,0
"13:41:08",35.5,100,100,100,-1,91,84.5,27.2,26.1,-1,97,90,1778,37.55,461," UPRIGHT"," STATIONARY",0,0,-1001,-1001,0
"13:41:13",35.5,100,100,100,-1,92,86.2,26.1,23.8,-1,98,90,1778,37.55,461," UPRIGHT"," STATIONARY",0,0,-1001,-1001,0
"13:41:18",35.5,100,100,100,-1,92,87.2,26.1,23.8,-1,98,90,1778,37.55,461," UPRIGHT"," STATIONARY",0,0,-1001,-1001,0
"13:41:23",35.5,100,100,100,-1,92,89,26.1,23.8,-1,98,90,1778,37.55,461," UPRIGHT"," STATIONARY",0,0,-1001,-1001,0
"13:41:28",35.5,100,96,100,-1,89,82.8,25,23.2,-1,98,86,1778,37.53,462," UPRIGHT"," STATIONARY",0,0,-1001,-1001,0
"13:41:33",35.5,100,96,100,-1,89,86.1,25,23.2,-1,98,86,1778,37.53,462," UPRIGHT"," STATIONARY",0,0,-1001,-1001,0
"13:41:38",35.5,100,96,100,-1,89,83.9,25,23.2,-1,98,86,1778,37.53,462," UPRIGHT"," STATIONARY",0,0,-1001,-1001,0
"13:41:43",35.5,100,96,83,-1,89,86.6,22.5,20.2,-1,98,86,1778,37.53,462," UPRIGHT"," MOVING SLOWLY",0,0,-1001,-1001,0
"13:41:48",35.5,100,96,83,-1,89,96.2,22.5,20.2,-1,98,86,1778,37.53,462," UPRIGHT"," MOVING SLOWLY",0,0,-1001,-1001,0
"13:41:53",35.5,100,96,83,-1,89,103.9,22.5,20.2,-1,98,86,1778,37.53,462," UPRIGHT"," STATIONARY",0,0,-1001,-1001,0
"13:41:58",35.5,100,90,100,-1,85,104,25,22.6,-1,97,81,1778,37.52,462," UPRIGHT"," MOVING FAST",0,0,-1001,-1001,0
"13:42:03",35.5,100,90,100,-1,85,107.9,25,22.6,-1,97,81,1778,37.52,462," UPRIGHT"," STATIONARY",0,0,-1001,-1001,0
"13:42:08",35.5,100,90,100,-1,85,86.6,25,22.6,-1,97,81,1778,37.52,462," UPRIGHT"," MOVING SLOWLY",0,0,-1001,-1001,0
"13:42:13",35.5,80,86,100,-1,78,124.2,27,23.9,-1,83,77,1778,37.52,462," UPRIGHT"," MOVING SLOWLY",0,0,-1001,-1001,0
"13:42:18",35.5,80,86,100,-1,78,130.9,27,23.9,-1,83,77,1778,37.52,462," UPRIGHT"," MOVING FAST",0,0,-1001,-1001,0
"13:42:23",35.5,80,86,100,-1,78,80.8,27,23.9,-1,83,77,1778,37.52,462," UPRIGHT"," STATIONARY",0,0,-1001,-1001,0
"13:42:28",35.6,85,88,100,-1,78,138.3,28.5,25.2,-1,77,79,1778,37.52,462," UPRIGHT"," MOVING SLOWLY",0,0,-1001,-1001,0
"13:42:33",35.6,85,88,100,-1,78,134.6,28.5,25.2,-1,77,79,1778,37.52,462," UPRIGHT"," MOVING FAST",0,0,-1001,-1001,0
"13:42:38",35.6,85,88,100,-1,78,114.9,28.5,25.2,-1,77,79,1778,37.52,462," UPRIGHT"," MOVING SLOWLY",0,0,-1001,-1001,0
"13:42:43",35.6,100,75,100,-1,70,117.8,32.8,31.5,-1,78,67,1778,37.51,461," UPRIGHT"," STATIONARY",0,0,-1001,-1001,0
"13:42:48",35.6,100,75,100,-1,70,138.8,32.8,31.5,-1,78,67,1778,37.51,461," UPRIGHT"," MOVING FAST",0,0,-1001,-1001,0
"13:42:53",35.6,100,75,100,-1,70,120.7,32.8,31.5,-1,78,67,1778,37.51,461," UPRIGHT"," STATIONARY",0,0,-1001,-1001,0
"13:42:58",35.6,100,87,100,-1,77,135,35.6,34.6,-1,77,78,1778,37.51,463," UPRIGHT"," STATIONARY",0,0,-1001,-1001,0
"13:43:03",35.6,100,87,100,-1,77,131.6,35.6,34.6,-1,77,78,1778,37.51,463," UPRIGHT"," STATIONARY",0,0,-1001,-1001,0
"13:43:08",35.6,100,87,100,-1,77,144.7,35.6,34.6,-1,77,78,1778,37.51,463," UPRIGHT"," STATIONARY",0,0,-1001,-1001,0
"13:43:13",35.7,96,89,100,-1,79,115.7,39.2,39.7,-1,76,80,1778,37.55,461," PRONE"," STATIONARY",0,0,-1001,-1001,0
"13:43:18",35.7,96,89,100,-1,79,140.6,39.2,39.7,-1,76,80,1778,37.55,461," UPRIGHT"," STATIONARY",0,0,-1001,-1001,0
"13:43:23",35.7,96,89,100,-1,79,134.9,39.2,39.7,-1,76,80,1778,37.55,461," UPRIGHT"," STATIONARY",0,0,-1001,-1001,0
"13:43:28",35.7,100,93,100,-1,84,133.4,41.6,40,-1,87,83,1778,37.55,462," UPRIGHT"," STATIONARY",0,0,-1001,-1001,0
"13:43:33",35.7,100,93,100,-1,84,106.5,41.6,40,-1,87,83,1778,37.55,462," PRONE"," STATIONARY",0,0,-1001,-1001,0
"13:43:38",35.7,100,93,100,-1,84,128.8,41.6,40,-1,87,83,1778,37.55,462," UPRIGHT"," STATIONARY",0,0,-1001,-1001,0
"13:43:43",35.7,100,93,100,-1,83,112.6,40.5,37,-1,86,83,1778,37.56,462," UPRIGHT"," STATIONARY",0,0,-1001,-1001,0
"13:43:48",35.7,100,93,100,-1,83,113.6,40.5,37,-1,86,83,1778,37.56,462," PRONE"," STATIONARY",0,0,-1001,-1001,0
"13:43:53",35.7,100,87,100,-1,80,106.9,38.9,33.9,-1,86,78,1778,37.57,460," PRONE"," STATIONARY",0,0,-1001,-1001,0
"13:43:58",35.7,100,87,100,-1,80,93.4,38.9,33.9,-1,86,78,1778,37.57,460," PRONE"," STATIONARY",0,0,-1001,-1001,0
"13:44:03",35.7,100,87,100,-1,80,97,38.9,33.9,-1,86,78,1778,37.57,460," UPRIGHT"," STATIONARY",0,0,-1001,-1001,0
"13:44:08",35.7,100,87,100,-1,80,89.2,38.9,33.9,-1,86,78,1778,37.57,460," UPRIGHT"," STATIONARY",0,0,-1001,-1001,0
"13:44:13",35.7,100,78,100,-1,74,84.5,36.1,32.5,-1,89,70,1778,37.57,462," UPRIGHT"," STATIONARY",0,0,-1001,-1001,0
"13:44:18",35.7,100,78,100,-1,74,108.4,36.1,32.5,-1,89,70,1778,37.57,462," UPRIGHT"," STATIONARY",0,0,-1001,-1001,0
"13:44:23",35.7,100,78,100,-1,74,98.2,36.1,32.5,-1,89,70,1778,37.57,462," UPRIGHT"," STATIONARY",0,0,-1001,-1001,0
"13:44:28",35.7,100,72,100,-1,70,109.2,35.1,32.3,-1,90,64,1778,37.58,463," UPRIGHT"," STATIONARY",0,0,-1001,-1001,0
"13:44:33",35.7,100,72,100,-1,70,105,35.1,32.3,-1,90,64,1778,37.58,463," UPRIGHT"," STATIONARY",0,0,-1001,-1001,0
"13:44:38",35.7,100,72,100,-1,70,112,35.1,32.3,-1,90,64,1778,37.58,463," PRONE"," STATIONARY",0,0,-1001,-1001,0
"13:44:43",35.7,100,82,100,-1,78,101.2,36.5,35.4,-1,94,73,1778,37.58,461," UPRIGHT"," STATIONARY",0,0,-1001,-1001,0
"13:44:48",35.7,100,82,100,-1,78,102.7,36.5,35.4,-1,94,73,1778,37.58,461," UPRIGHT"," STATIONARY",0,0,-1001,-1001,0
"13:44:53",35.7,100,82,100,-1,78,80.4,36.5,35.4,-1,94,73,1778,37.58,461," UPRIGHT"," MOVING SLOWLY",0,0,-1001,-1001,0
"13:44:58",35.7,92,89,100,-1,82,111.7,36.6,36.1,-1,89,80,1778,37.59,462," UPRIGHT"," MOVING SLOWLY",0,0,-1001,-1001,0
"13:45:03",35.7,92,89,100,-1,82,80.2,36.6,36.1,-1,89,80,1778,37.59,462," UPRIGHT"," STATIONARY",0,0,-1001,-1001,0
"13:45:08",35.7,92,89,100,-1,82,84.4,36.6,36.1,-1,89,80,1778,37.59,462," UPRIGHT"," MOVING SLOWLY",0,0,-1001,-1001,0
"13:45:13",35.6,91,98,100,-1,87,98.4,34.8,35.9,-1,86,88,1778,37.6,463," UPRIGHT"," MOVING SLOWLY",0,0,-1001,-1001,0
"13:45:18",35.6,91,98,100,-1,87,91.5,34.8,35.9,-1,86,88,1778,37.6,463," PRONE"," STATIONARY",0,0,-1001,-1001,0
"13:45:23",35.6,91,98,100,-1,87,88.1,34.8,35.9,-1,86,88,1778,37.6,463," PRONE"," STATIONARY",0,0,-1001,-1001,0
"13:45:28",35.6,100,98,100,-1,89,82.9,33.9,35.3,-1,93,88,1778,37.62,461," PRONE"," STATIONARY",0,0,-1001,-1001,0
"13:45:33",35.6,100,98,100,-1,89,89.2,33.9,35.3,-1,93,88,1778,37.62,461," PRONE"," STATIONARY",0,0,-1001,-1001,0
"13:45:38",35.6,100,98,100,-1,89,78.2,33.9,35.3,-1,93,88,1778,37.62,461," UNKNOWN"," STATIONARY",0,0,-1001,-1001,0
"13:45:43",35.6,100,95,100,-1,88,89.8,35.3,35.6,-1,97,85,1778,37.63,462," UPRIGHT"," STATIONARY",0,0,-1001,-1001,0
"13:45:48",35.6,100,95,100,-1,88,69.8,35.3,35.6,-1,97,85,1778,37.63,462," UNKNOWN"," STATIONARY",0,0,-1001,-1001,0
"13:45:53",35.6,100,95,100,-1,88,86.4,35.3,35.6,-1,97,85,1778,37.63,462," UPRIGHT"," STATIONARY",0,0,-1001,-1001,0
"13:45:58",35.5,100,95,100,-1,87,92.9,33.3,32.3,-1,94,85,1778,37.64,462," UPRIGHT"," STATIONARY",0,0,-1001,-1001,0
"13:46:03",35.5,100,95,100,-1,87,102.2,33.3,32.3,-1,94,85,1778,37.64,462," UPRIGHT"," STATIONARY",0,0,-1001,-1001,0
"13:46:08",35.5,100,95,100,-1,87,78.8,33.3,32.3,-1,94,85,1778,37.64,462," UPRIGHT"," STATIONARY",0,0,-1001,-1001,0
"13:46:13",35.4,85,91,100,-1,81,106.6,35,30.7,-1,84,81,1778,37.64,462," PRONE"," STATIONARY",0,0,-1001,-1001,0
"13:46:18",35.4,85,91,100,-1,81,94.3,35,30.7,-1,84,81,1778,37.64,462," UPRIGHT"," STATIONARY",0,0,-1001,-1001,0
"13:46:23",35.4,85,91,100,-1,81,104.8,35,30.7,-1,84,81,1778,37.64,462," UPRIGHT"," STATIONARY",0,0,-1001,-1001,0
"13:46:28",35.3,100,79,100,-1,76,109.9,36.3,32.9,-1,91,71,1778,37.65,463," UPRIGHT"," STATIONARY",0,0,-1001,-1001,0
"13:46:33",35.3,100,79,100,-1,76,115.6,36.3,32.9,-1,91,71,1778,37.65,463," UPRIGHT"," STATIONARY",0,0,-1001,-1001,0
"13:46:38",35.3,100,79,100,-1,76,110.8,36.3,32.9,-1,91,71,1778,37.65,463," UPRIGHT"," MOVING SLOWLY",0,0,-1001,-1001,0
"13:46:43",35.2,100,82,100,-1,78,107,34,30.6,-1,95,73,1778,37.66,462," UPRIGHT"," STATIONARY",0,0,-1001,-1001,0
"13:46:48",35.2,100,82,100,-1,78,108.1,34,30.6,-1,95,73,1778,37.66,462," UPRIGHT"," STATIONARY",0,0,-1001,-1001,0
"13:46:53",35.2,100,82,100,-1,78,108.7,34,30.6,-1,95,73,1778,37.66,462," UPRIGHT"," STATIONARY",0,0,-1001,-1001,0
"13:46:58",35.1,100,80,100,-1,78,109.7,35,31.6,-1,98,72,1778,37.66,463," UPRIGHT"," STATIONARY",0,0,-1001,-1001,0
"13:47:03",35.1,100,80,100,-1,78,102.4,35,31.6,-1,98,72,1778,37.66,463," UPRIGHT"," STATIONARY",0,0,-1001,-1001,0
"13:47:08",35.1,100,80,100,-1,78,100.2,35,31.6,-1,98,72,1778,37.66,463," UPRIGHT"," STATIONARY",0,0,-1001,-1001,0
"13:47:13",35,100,84,100,-1,80,95.5,34.4,32,-1,98,75,1778,37.66,462," UPRIGHT"," STATIONARY",0,0,-1001,-1001,0
"13:47:18",35,100,84,100,-1,80,69,34.4,32,-1,98,75,1778,37.66,462," UPRIGHT"," STATIONARY",0,0,-1001,-1001,0
"13:47:23",34.8,100,97,100,-1,88,94.9,30.3,30.1,-1,92,87,1778,37.67,462," UPRIGHT"," STATIONARY",0,0,-1001,-1001,0
"13:47:28",34.8,100,97,100,-1,88,74.7,30.3,30.1,-1,92,87,1778,37.67,462," UPRIGHT"," STATIONARY",0,0,-1001,-1001,0
"13:47:33",34.8,100,97,100,-1,88,89.5,30.3,30.1,-1,92,87,1778,37.67,462," UPRIGHT"," STATIONARY",0,0,-1001,-1001,0
"13:47:38",34.8,100,97,100,-1,88,89,30.3,30.1,-1,92,87,1778,37.67,462," UPRIGHT"," STATIONARY",0,0,-1001,-1001,0
"13:47:43",34.7,100,94,100,-1,86,89.7,28.6,30.3,-1,92,84,1778,37.67,462," UPRIGHT"," STATIONARY",0,0,-1001,-1001,0
"13:47:48",34.7,100,94,100,-1,86,85,28.6,30.3,-1,92,84,1778,37.67,462," UPRIGHT"," STATIONARY",0,0,-1001,-1001,0
"13:47:53",34.7,100,94,100,-1,86,89.9,28.6,30.3,-1,92,84,1778,37.67,462," UPRIGHT"," STATIONARY",0,0,-1001,-1001,0
"13:47:58",34.6,100,94,100,-1,87,90.9,29.3,30.3,-1,98,84,1778,37.68,462," UPRIGHT"," STATIONARY",0,0,-1001,-1001,0
"13:48:03",34.6,100,94,100,-1,87,81.4,29.3,30.3,-1,98,84,1778,37.68,462," UPRIGHT"," STATIONARY",0,0,-1001,-1001,0
"13:48:08",34.6,100,94,100,-1,87,87.1,29.3,30.3,-1,98,84,1778,37.68,462," UPRIGHT"," STATIONARY",0,0,-1001,-1001,0
"13:48:13",34.5,100,89,100,-1,83,92.6,23,25.5,-1,95,80,1778,37.68,462," UPRIGHT"," STATIONARY",0,0,-1001,-1001,0
"13:48:18",34.5,100,89,100,-1,83,87.3,23,25.5,-1,95,80,1778,37.68,462," UPRIGHT"," STATIONARY",0,0,-1001,-1001,0
"13:48:23",34.5,100,89,100,-1,83,77.3,23,25.5,-1,95,80,1778,37.68,462," UPRIGHT"," STATIONARY",0,0,-1001,-1001,0
"13:48:28",34.3,100,88,100,-1,82,90.3,24.9,23.9,-1,94,79,1778,37.68,462," UPRIGHT"," STATIONARY",0,0,-1001,-1001,0
"13:48:33",34.3,100,88,100,-1,82,91,24.9,23.9,-1,94,79,1778,37.68,462," UPRIGHT"," MOVING SLOWLY",0,0,-1001,-1001,0
"13:48:38",34.3,100,88,100,-1,82,95.1,24.9,23.9,-1,94,79,1778,37.68,462," UPRIGHT"," STATIONARY",0,0,-1001,-1001,0
"13:48:43",34.2,95,92,100,-1,83,109.1,22.6,22,-1,89,82,1778,37.68,462," UPRIGHT"," STATIONARY",0,0,-1001,-1001,0
